subject,description,category
Food delivery,Can you help me with this? Need cheap food delivery options.,Food
goalie practice,I need advice about goalie practice. Tips for hockey goalie training.,Hockey Sports
Packing list,What should I pack for a trip?,Travel
Dizziness issue,I feel dizzy and have trouble concentrating.,Brain Medical
Help with science project,Ideas for a middle school science fair project.,Middle School Education
debt payoff,I need advice about debt payoff. Need a strategy to pay off credit card debt.,Finance
Help with leg swelling,My leg is swollen and painful.,Leg Medical
museum visit,I need advice about museum visit. Which museums should tourists visit?,Tourism
thesis topic,I need advice about thesis topic. Need help choosing a thesis topic.,University Education
Help with financial planning,How should I plan my personal finances?,Finance
Help with children books,Looking for story books for elementary school children.,Books
retirement investing,I need advice about retirement investing. How should I invest for retirement?,Investing
Help with meal recommendation,What should I eat for dinner?,Food
trading app,I need advice about trading app. Best apps for stock trading.,Stocks
Help with handball coaching,Looking for handball coaching nearby.,Handball Sports
Self help books,I want self improvement and productivity book recommendations.,Books
itchy eyes,I need advice about itchy eyes. Why are my eyes itchy and red?,Eye Medical
Jogging breathing,Can you help me with this? How should I breathe while jogging?,Jogging Sports
Help with etf investment,What are good ETFs for long-term investing?,Investing
Handball team,How to join a handball team?,Handball Sports
University selection,Can you help me with this? Which universities are good for computer science?,College Admissions
Children books,Can you help me with this? Looking for story books for elementary school children.,Books
Help with migraine headache,I get severe migraines often.,Brain Medical
International trip,Need advice for international travel.,Travel
Cricket academy,Can you help me with this? Find a cricket coaching academy nearby.,Cricket Sports
School policy,Can you help me with this? Need information about school attendance policy.,School
Help with relationship match,Looking for compatibility in marriage matching.,Matrimonial
Baseball glove,Need recommendations for baseball gloves.,Baseball Sports
Help with college application,I need help applying to universities for admission.,College Admissions
Head wound,Need help treating a small head wound.,Head Medical
Help with graduate course,Which graduate courses are good for AI specialization?,University Education
Running pace,What pace should I run for a 10k?,Running Sports
Help with dividend stocks,What are good dividend stocks?,Stocks
Batting stance,Can you help me with this? How to improve my batting stance?,Baseball Sports
Help with warehouse job,Looking for warehouse or retail jobs.,Jobs
sightseeing tour,I need advice about sightseeing tour. Need sightseeing places in the city.,Tourism
need shelter,I need advice about need shelter. I need emergency shelter tonight.,Homelessness
Lab report,Can you help me with this? How do I write a chemistry lab report?,High School Education
running endurance,I need advice about running endurance. Tips to build running endurance.,Running Sports
Help with gift shopping,Need gift ideas to buy online.,Shopping
Help with hamstring injury,I pulled my hamstring while exercising.,Leg Medical
Housing program,Can you help me with this? How to apply for a government housing program?,Housing
Online shopping,Can you help me with this? Best websites for online shopping.,Shopping
School bus,How do I register for school bus service?,School
Handball coaching,Can you help me with this? Looking for handball coaching nearby.,Handball Sports
running shoes,I need advice about running shoes. Best shoes for long distance running.,Running Sports
Baseball training,Need baseball training drills.,Baseball Sports
hockey rules,I need advice about hockey rules. Explain basic hockey rules.,Hockey Sports
Head trauma,Should I see a doctor after head trauma?,Head Medical
Science project,Ideas for a middle school science fair project.,Middle School Education
Help with home inspection,What should I check before buying a house?,Housing
vegetable garden,I need advice about vegetable garden. I want to start a small vegetable garden.,Gardening
Stress management,Need help managing stress and anxiety.,Depression Medical
Help with hoodie recommendation,I need stylish hoodies for college.,Clothes
find life partner,I need advice about find life partner. Looking for matrimonial websites to find a life partner.,Matrimonial
Help with checking account fees,I want to understand monthly fees on my checking account.,Banking
Help with rental application,How do I apply for an apartment rental?,Rental
Return item,Can you help me with this? How do I return an item I bought online?,Shopping
Museum visit,Which museums should tourists visit?,Tourism
electronics store,I need advice about electronics store. Recommend electronics shopping websites.,Shopping
Help with library books,How can I borrow books from a public library?,Books
Admission essay,How do I write a strong college admission essay?,College Admissions
study guide books,I need advice about study guide books. I need exam preparation books for high school.,Books
Apply for jobs,How do I apply for jobs online?,Jobs
Batting tips,How can I improve cricket batting?,Cricket Sports
Tomato plants,How to grow tomatoes in a backyard garden?,Gardening
Finger swelling,My finger is swollen and painful.,Hand Medical
Help with travel itinerary,Plan a 6 day travel itinerary.,Travel
Help with jogging plan,Create a weekly jogging plan.,Jogging Sports
handball strategy,I need advice about handball strategy. Need handball team strategy tips.,Handball Sports
tenant issue,I need advice about tenant issue. Need help understanding tenant rights.,Rental
Help with eye infection,I think I may have an eye infection.,Eye Medical
Tourist visa,Can you help me with this? Need help with tourist visa requirements.,Travel
etf investment,I need advice about etf investment. What are good ETFs for long-term investing?,Investing
Ankle injury,I twisted my ankle during jogging.,Leg Medical
Eye infection,I think I may have an eye infection.,Eye Medical
Help with novel suggestions,Suggest some popular fiction novels.,Books
wedding match,I need advice about wedding match. Looking for a suitable marriage match.,Matrimonial
High school project,Ideas for a high school research project.,High School Education
University exam,How should I study for university finals?,University Education
Baseball rules,Can you help me with this? Explain basic baseball rules.,Baseball Sports
Financial planning,Can you help me with this? How should I plan my personal finances?,Finance
Contact lens issue,Can you help me with this? My contact lenses are irritating my eyes.,Eye Medical
Crisis support,Need immediate help because I have nowhere to stay.,Homelessness
Technical analysis,Can you help me with this? How do technical indicators work?,Stocks
Carpal tunnel,Can you help me with this? What are symptoms of carpal tunnel?,Hand Medical
LinkedIn profile,How can I improve my LinkedIn profile?,Employment
Long term investment,Best long-term investment options.,Investing
Help with database class,Help understanding database normalization.,University Education
Eye doctor,Can you help me with this? Need an ophthalmologist recommendation.,Eye Medical
Bake cake,How can I bake a chocolate cake without eggs?,Cooking
Help with writing sentences,How can a child practice writing simple sentences?,Elementary Education
price deal,I need advice about price deal. Find the best price for a product.,Shopping
transfer school,I need advice about transfer school. How do I transfer to a different school?,School
Historical places,Can you help me with this? Best historical places to visit.,Tourism
Calculus basics,Can you help me with this? Need help with derivatives and limits.,High School Education
Help with baseball glove,Need recommendations for baseball gloves.,Baseball Sports
Help with basic math help,Need help teaching addition and subtraction to a child.,Elementary Education
Resume review,Can you help me with this? Need feedback on my resume for software roles.,Employment
find roommates,I need advice about find roommates. Looking for roommates for a shared rental.,Rental
Shopping sale,Can you help me with this? When is the next big shopping sale?,Shopping
Bank statement request,Can you help me with this? I need a copy of my recent bank statement.,Banking
Help with geometry basics,Explain angles and triangles for middle school.,Middle School Education
indoor plants,I need advice about indoor plants. Best indoor plants for apartments.,Gardening
Help with handball team,How to join a handball team?,Handball Sports
Help with credit score,How can I improve my credit score?,Finance
Novel suggestions,Can you help me with this? Suggest some popular fiction novels.,Books
Baseball tournament,Can you help me with this? Find local baseball tournaments.,Baseball Sports
Writing sentences,Can you help me with this? How can a child practice writing simple sentences?,Elementary Education
Help with class schedule,Need help understanding school class schedule.,School
Job websites,Best websites to find jobs.,Jobs
Help with mortgage help,How do I apply for a mortgage?,Housing
Baseball batting,How can I improve my baseball batting?,Baseball Sports
financial planning,I need advice about financial planning. How should I plan my personal finances?,Finance
historical places,I need advice about historical places. Best historical places to visit.,Tourism
fractions help,I need advice about fractions help. Need help understanding fractions and decimals.,Middle School Education
Packing list,Can you help me with this? What should I pack for a trip?,Travel
Temporary housing,Where can I find temporary housing assistance?,Homelessness
neighborhood choice,I need advice about neighborhood choice. How do I choose a safe neighborhood to live in?,Housing
Head pressure,Can you help me with this? I feel pressure in my head.,Head Medical
Itchy eyes,Can you help me with this? Why are my eyes itchy and red?,Eye Medical
Jogging fitness,Can you help me with this? Use jogging to improve fitness.,Jogging Sports
Saving money,Can you help me with this? Give me tips to save money every month.,Finance
ankle injury,I need advice about ankle injury. I twisted my ankle during jogging.,Leg Medical
neurologist help,I need advice about neurologist help. Need a recommendation for a brain specialist.,Brain Medical
Backhand practice,Can you help me with this? How to improve tennis backhand?,Tennis Sports
matchmaking advice,I need advice about matchmaking advice. How should I evaluate a matrimonial match?,Matrimonial
Handball strategy,Need handball team strategy tips.,Handball Sports
Buy textbooks,I need affordable textbooks for my college classes.,Books
Help with thumb pain,My thumb hurts when I move it.,Hand Medical
Cricket gear,Can you help me with this? What equipment is needed for cricket?,Cricket Sports
Interview preparation,Can you help me with this? How should I prepare for a job interview?,Employment
Buy laptop,Where can I buy a gaming laptop?,Shopping
Help with sneaker outfit,What clothes match with white sneakers?,Clothes
Help with essay writing,How to write a high school English essay?,High School Education
Vegetable garden,Can you help me with this? I want to start a small vegetable garden.,Gardening
world cup,I need advice about world cup. Latest cricket world cup updates.,Cricket Sports
Help with phonics practice,Looking for phonics activities for children.,Elementary Education
student loan,I need advice about student loan. Need advice on paying student loans.,Finance
Tennis racket,Can you help me with this? Best tennis racket for beginners.,Tennis Sports
foot pain,I need advice about foot pain. My foot hurts when standing.,Leg Medical
self help books,I need advice about self help books. I want self improvement and productivity book recommendations.,Books
Social studies,Can you help me with this? Help with middle school social studies homework.,Middle School Education
Stock trading,Can you help me with this? How do I buy and sell stocks online?,Stocks
Emotional support,Can you help me with this? I feel emotionally overwhelmed and need help.,Depression Medical
Tenant issue,Need help understanding tenant rights.,Rental
Help with fractions help,Need help understanding fractions and decimals.,Middle School Education
Help with wire transfer question,I need to send money through a bank wire transfer.,Banking
Court practice,Can you help me with this? Need tips for indoor basketball practice.,Basketball Sports
Race preparation,How to prepare for a running race?,Running Sports
Hamstring injury,I pulled my hamstring while exercising.,Leg Medical
Help with saving money,Give me tips to save money every month.,Finance
Watering schedule,Can you help me with this? Need a watering schedule for houseplants.,Gardening
Cognitive issue,I am struggling with focus and memory lately.,Brain Medical
Help with temporary housing,Where can I find temporary housing assistance?,Homelessness
University exam,Can you help me with this? How should I study for university finals?,University Education
Eye infection,Can you help me with this? I think I may have an eye infection.,Eye Medical
Chicken recipe,How should I cook chicken breast properly?,Cooking
LinkedIn profile,Can you help me with this? How can I improve my LinkedIn profile?,Employment
rental listing,I need advice about rental listing. Find rental properties near downtown.,Rental
Jogging weight loss,Can you help me with this? Can jogging help with weight loss?,Jogging Sports
Help with baseball training,Need baseball training drills.,Baseball Sports
Help with packing list,What should I pack for a trip?,Travel
Dizziness after fall,I feel dizzy after falling and hitting my head.,Head Medical
School supplies,Can you help me with this? What supplies are needed for school?,School
Help with meal prep,Give me healthy meal prep ideas for the week.,Cooking
Soil improvement,Can you help me with this? How do I improve soil for gardening?,Gardening
Anxiety support,Can you help me with this? Need help dealing with anxiety and stress.,Depression Medical
Track running,Need advice for track running practice.,Running Sports
Help with hockey gear,What equipment is needed for hockey?,Hockey Sports
Help with head pain,Sharp pain on one side of my head.,Head Medical
marriage proposal,I need advice about marriage proposal. Need help responding to a marriage proposal.,Matrimonial
Help with book recommendations,Recommend good mystery novels to read this month.,Books
Help with tennis tournament,Find local tennis tournaments.,Tennis Sports
Help with jogging weight loss,Can jogging help with weight loss?,Jogging Sports
Grade 7 math,Need help solving middle school algebra problems.,Middle School Education
Road trip,Plan a road trip with hotels and stops.,Travel
Clothes for wedding,Can you help me with this? What should I wear to a wedding event?,Clothes
Marriage proposal,Need help responding to a marriage proposal.,Matrimonial
Throwing practice,Can you help me with this? How to improve handball throwing power?,Handball Sports
Help with kids clothes,Looking for affordable clothes for children.,Clothes
Head pressure,I feel pressure in my head.,Head Medical
Help with shopping sale,When is the next big shopping sale?,Shopping
rental application,I need advice about rental application. How do I apply for an apartment rental?,Rental
batting tips,I need advice about batting tips. How can I improve cricket batting?,Cricket Sports
School presentation,Can you help me with this? Need topic ideas for a middle school presentation.,Middle School Education
food delivery,I need advice about food delivery. Need cheap food delivery options.,Food
eye infection,I need advice about eye infection. I think I may have an eye infection.,Eye Medical
Help with marriage proposal,Need help responding to a marriage proposal.,Matrimonial
SAT preparation,I want to prepare for the SAT exam.,College Admissions
Help with housing assistance,Looking for low-income housing assistance.,Housing
NHL news,Latest hockey league updates.,Hockey Sports
hand numbness,I need advice about hand numbness. My hand feels numb and tingling.,Hand Medical
school supplies,I need advice about school supplies. What supplies are needed for school?,School
housing program,I need advice about housing program. How to apply for a government housing program?,Housing
Serve tips,How do I improve my tennis serve?,Tennis Sports
MLB updates,Latest baseball match scores and news.,Baseball Sports
Smartphone deal,Can you help me with this? Looking for affordable smartphone deals.,Shopping
linkedin profile,I need advice about linkedin profile. How can I improve my LinkedIn profile?,Employment
Multiplication tables,How to teach multiplication tables to kids?,Elementary Education
Credit card payment,I want to pay my credit card bill through my bank app.,Banking
investment account,I need advice about investment account. How to open an investment account?,Investing
Transfer school,Can you help me with this? How do I transfer to a different school?,School
Help with apply for jobs,How do I apply for jobs online?,Jobs
Help with sightseeing tour,Need sightseeing places in the city.,Tourism
Hockey rules,Explain basic hockey rules.,Hockey Sports
Family housing,Need housing suitable for a family.,Housing
Hockey coaching,Can you help me with this? Looking for hockey coaching nearby.,Hockey Sports
Depression symptoms,What are symptoms of depression?,Depression Medical
Leg swelling,My leg is swollen and painful.,Leg Medical
Hockey rules,Can you help me with this? Explain basic hockey rules.,Hockey Sports
mlb updates,I need advice about mlb updates. Latest baseball match scores and news.,Baseball Sports
Help with pasta recipe,How do I cook creamy pasta at home?,Cooking
Portfolio advice,Can you help me with this? How should I diversify my investment portfolio?,Investing
Help with reading comprehension,Practice questions for middle school reading.,Middle School Education
calf pain,I need advice about calf pain. My calf muscle hurts after workout.,Leg Medical
Apply for jobs,Can you help me with this? How do I apply for jobs online?,Jobs
Help with tourism destination,Popular tourism destinations in the area.,Tourism
Help with wrist pain,My wrist hurts after typing all day.,Hand Medical
Biology notes,Can you help me with this? Need notes on cells and genetics.,High School Education
sat math,I need advice about sat math. Need high school math practice for SAT.,High School Education
Help with handball rules,How is handball played?,Handball Sports
Help with buy house,I want advice for buying my first home.,Housing
Soup recipe,How do I make homemade tomato soup?,Cooking
Gift shopping,Can you help me with this? Need gift ideas to buy online.,Shopping
Affordable housing,Can you help me with this? Need help finding affordable housing options.,Housing
Flower garden,Can you help me with this? Need tips for growing flowers at home.,Gardening
Help with ebook help,Where can I buy or download ebooks legally?,Books
Family marriage,How to discuss arranged marriage with family?,Matrimonial
Help with price deal,Find the best price for a product.,Shopping
Head trauma,Can you help me with this? Should I see a doctor after head trauma?,Head Medical
tennis tournament,I need advice about tennis tournament. Find local tennis tournaments.,Tennis Sports
Final year project,Need ideas for a senior year project.,University Education
Help with crisis support,Need immediate help because I have nowhere to stay.,Homelessness
temporary housing,I need advice about temporary housing. Where can I find temporary housing assistance?,Homelessness
flower garden,I need advice about flower garden. Need tips for growing flowers at home.,Gardening
Brain scan,Can you help me with this? Do I need a brain scan for recurring headaches?,Brain Medical
cooking tips,I need advice about cooking tips. I am new to cooking and need basic kitchen tips.,Cooking
Research paper,How do I write an academic research paper?,University Education
reading comprehension,I need advice about reading comprehension. Practice questions for middle school reading.,Middle School Education
dunk training,I need advice about dunk training. How can I improve vertical jump for basketball?,Basketball Sports
Baseball glove,Can you help me with this? Need recommendations for baseball gloves.,Baseball Sports
mortgage help,I need advice about mortgage help. How do I apply for a mortgage?,Housing
spelling help,I need advice about spelling help. My child needs help with spelling words.,Elementary Education
Help with handball tournament,Find local handball tournaments.,Handball Sports
bank statement request,I need advice about bank statement request. I need a copy of my recent bank statement.,Banking
Library books,How can I borrow books from a public library?,Books
Help with handball equipment,What equipment is needed for handball?,Handball Sports
scalp pain,I need advice about scalp pain. My scalp hurts after an injury.,Head Medical
Help with leg cramps,I get muscle cramps in my legs.,Leg Medical
Help with healthy food,Suggest healthy food options for lunch.,Food
Insurance question,Can you help me with this? What type of insurance should I consider?,Finance
Academic citation,How to cite sources in APA format?,University Education
Tourist visa,Need help with tourist visa requirements.,Travel
Help with finger cut,Need advice for a deep cut on my finger.,Hand Medical
Rental application,How do I apply for an apartment rental?,Rental
Jogging plan,Can you help me with this? Create a weekly jogging plan.,Jogging Sports
Panic attacks,How can I manage panic attacks?,Depression Medical
Historical places,Best historical places to visit.,Tourism
student jobs,I need advice about student jobs. Part-time jobs for college students.,Jobs
Leg swelling,Can you help me with this? My leg is swollen and painful.,Leg Medical
Help with homeless resources,Find local resources for people without housing.,Homelessness
Move in date,Can you help me with this? Looking for apartments available next month.,Rental
Help with throwing practice,How to improve handball throwing power?,Handball Sports
Distance running,Can you help me with this? Training plan for distance running.,Running Sports
Help with hockey rules,Explain basic hockey rules.,Hockey Sports
Help with concussion concern,I may have a concussion after an accident.,Brain Medical
Help with hockey training,How can I improve hockey skills?,Hockey Sports
matrimonial app,I need advice about matrimonial app. Which matrimonial apps are trustworthy?,Matrimonial
Handball rules,How is handball played?,Handball Sports
Help with travel insurance,Should I buy travel insurance?,Travel
Help with move in date,Looking for apartments available next month.,Rental
Help with share market,Explain stock market trends.,Stocks
Broken hand,How do I know if my hand is broken?,Hand Medical
Writing sentences,How can a child practice writing simple sentences?,Elementary Education
Hockey gear,What equipment is needed for hockey?,Hockey Sports
rent increase,I need advice about rent increase. My rent increased and I need advice.,Rental
Travel insurance,Can you help me with this? Should I buy travel insurance?,Travel
Memory problem,Can you help me with this? I am having memory issues and need medical advice.,Brain Medical
yellow leaves,I need advice about yellow leaves. My plant leaves are turning yellow.,Gardening
Reading practice,Need simple reading exercises for elementary students.,Elementary Education
Beach vacation,Can you help me with this? Best beach vacation places for couples.,Travel
Tax filing,Can you help me with this? Need help filing taxes this year.,Finance
Help with career advice,Need advice for growing my software engineering career.,Employment
library books,I need advice about library books. How can I borrow books from a public library?,Books
housing crisis,I need advice about housing crisis. I lost my housing and need support.,Homelessness
Help with interview preparation,How should I prepare for a job interview?,Employment
Cricket rules,Can you help me with this? Explain basic cricket rules.,Cricket Sports
Help with brain scan,Do I need a brain scan for recurring headaches?,Brain Medical
handball drills,I need advice about handball drills. Need handball training drills.,Handball Sports
Buy laptop,Can you help me with this? Where can I buy a gaming laptop?,Shopping
handball equipment,I need advice about handball equipment. What equipment is needed for handball?,Handball Sports
university exam,I need advice about university exam. How should I study for university finals?,University Education
move in date,I need advice about move in date. Looking for apartments available next month.,Rental
Help with parent meeting,Need help preparing for a parent teacher meeting.,School
emergency help,I need advice about emergency help. I need urgent help with shelter and basic needs.,Homelessness
Bowling practice,Can you help me with this? Need tips for fast bowling.,Cricket Sports
Help with baseball tournament,Find local baseball tournaments.,Baseball Sports
market news,I need advice about market news. Latest stock market news.,Stocks
Story reading,Can you help me with this? Suggest story reading practice for kids.,Elementary Education
Plant care,Can you help me with this? How often should I water indoor plants?,Gardening
Cooking tips,I am new to cooking and need basic kitchen tips.,Cooking
evening jog,I need advice about evening jog. Is evening jogging better than morning jogging?,Jogging Sports
Buy t-shirt,Can you help me with this? I want to buy comfortable cotton t-shirts for summer.,Clothes
Help with technical analysis,How do technical indicators work?,Stocks
Help with baseball batting,How can I improve my baseball batting?,Baseball Sports
Help with buy shares,How can I buy company shares?,Stocks
Help with summer outfit,Need ideas for summer outfits and casual wear.,Clothes
Help with ice hockey,Tips for ice hockey skating practice.,Hockey Sports
stress management,I need advice about stress management. Need help managing stress and anxiety.,Depression Medical
basketball rules,I need advice about basketball rules. Explain basketball fouls and rules.,Basketball Sports
NBA highlights,Show latest basketball game highlights.,Basketball Sports
Hockey training,How can I improve hockey skills?,Hockey Sports
Tennis rules,Can you help me with this? Explain basic tennis scoring rules.,Tennis Sports
lab report,I need advice about lab report. How do I write a chemistry lab report?,High School Education
Remote job,Can you help me with this? Need remote work opportunities.,Jobs
dizziness issue,I need advice about dizziness issue. I feel dizzy and have trouble concentrating.,Brain Medical
buy house,I need advice about buy house. I want advice for buying my first home.,Housing
expense tracking,I need advice about expense tracking. Best way to track daily expenses.,Finance
Basketball rules,Explain basketball fouls and rules.,Basketball Sports
data structures,I need advice about data structures. Need help with algorithms and data structures.,University Education
baseball gear,I need advice about baseball gear. What equipment is needed for baseball?,Baseball Sports
Help with city tour,Need a city tour plan for tourists.,Tourism
Online shopping,Best websites for online shopping.,Shopping
Help with smartphone deal,Looking for affordable smartphone deals.,Shopping
graduate course,I need advice about graduate course. Which graduate courses are good for AI specialization?,University Education
Shin pain,Can you help me with this? My shins hurt after running.,Leg Medical
Jogging pace,Can you help me with this? What is a good jogging pace for beginners?,Jogging Sports
Concussion concern,I may have a concussion after an accident.,Brain Medical
Help with court practice,Need tennis court practice tips.,Tennis Sports
Housing crisis,I lost my housing and need support.,Homelessness
short term rental,I need advice about short term rental. Looking for short-term rental housing.,Rental
5k training,I need advice about 5k training. Create a beginner 5k running plan.,Running Sports
panic attacks,I need advice about panic attacks. How can I manage panic attacks?,Depression Medical
Vegan food,Can you help me with this? Need vegan food places nearby.,Food
grammar practice,I need advice about grammar practice. Middle school English grammar exercises needed.,Middle School Education
university assignment,I need advice about university assignment. Need help with a computer science university assignment.,University Education
Baseball gear,What equipment is needed for baseball?,Baseball Sports
Student loan,Need advice on paying student loans.,Finance
Marathon training,Can you help me with this? How do I train for a marathon?,Running Sports
Help with running endurance,Tips to build running endurance.,Running Sports
Tennis racket,Best tennis racket for beginners.,Tennis Sports
Foot pain,My foot hurts when standing.,Leg Medical
Entry level job,Can you help me with this? Need entry-level software developer jobs.,Jobs
winter jacket,I need advice about winter jacket. Need a warm winter jacket for cold weather.,Clothes
Cheap flights,Need cheap flight tickets for vacation.,Travel
Study schedule,Can you help me with this? How should a middle school student prepare for exams?,Middle School Education
Help with chemistry assignment,Explain chemical reactions for high school.,High School Education
Help with local attractions,Popular local attractions for visitors.,Tourism
Debt payoff,Need a strategy to pay off credit card debt.,Finance
Basketball coaching,Looking for basketball coaching nearby.,Basketball Sports
Shelter application,How do I apply for a homeless shelter?,Homelessness
Debt payoff,Can you help me with this? Need a strategy to pay off credit card debt.,Finance
Handball coaching,Looking for handball coaching nearby.,Handball Sports
Multiplication tables,Can you help me with this? How to teach multiplication tables to kids?,Elementary Education
Sneaker outfit,Can you help me with this? What clothes match with white sneakers?,Clothes
Property search,Looking for houses for sale in my area.,Housing
School supplies,What supplies are needed for school?,School
meal prep,I need advice about meal prep. Give me healthy meal prep ideas for the week.,Cooking
Help with finger swelling,My finger is swollen and painful.,Hand Medical
salary negotiation,I need advice about salary negotiation. How do I negotiate salary after receiving an offer?,Employment
Help with wicket keeping,How to improve wicket keeping skills?,Cricket Sports
bank loan help,I need advice about bank loan help. I want information about personal loans from a bank.,Banking
Court practice,Need tips for indoor basketball practice.,Basketball Sports
Chemistry assignment,Can you help me with this? Explain chemical reactions for high school.,High School Education
head injury,I need advice about head injury. I hit my head and feel dizzy.,Head Medical
Help with investing basics,How do I start investing as a beginner?,Investing
Goalkeeping handball,Tips for handball goalkeeper practice.,Handball Sports
Help with bank statement request,I need a copy of my recent bank statement.,Banking
school uniform,I need advice about school uniform. Where can I buy school uniforms?,School
reading practice,I need advice about reading practice. Need simple reading exercises for elementary students.,Elementary Education
Tenant issue,Can you help me with this? Need help understanding tenant rights.,Rental
part time job,I need advice about part time job. Looking for part-time jobs near me.,Jobs
IPL schedule,Can you help me with this? When is the next IPL cricket match?,Cricket Sports
Help with expense tracking,Best way to track daily expenses.,Finance
Leg fracture,I think I may have fractured my leg.,Leg Medical
Flight cancellation,My flight was cancelled and I need help.,Travel
meal recommendation,I need advice about meal recommendation. What should I eat for dinner?,Food
Vegetarian food,Suggest vegetarian recipes with vegetables and rice.,Cooking
homeless support,I need advice about homeless support. Looking for community support because I am homeless.,Homelessness
city tour,I need advice about city tour. Need a city tour plan for tourists.,Tourism
Running form,Can you help me with this? How can I improve my running form?,Running Sports
plant care,I need advice about plant care. How often should I water indoor plants?,Gardening
career change,I need advice about career change. How can I switch from support to software development?,Employment
Knee pain,Can you help me with this? My knee hurts when I walk or run.,Leg Medical
Help with buy t-shirt,I want to buy comfortable cotton t-shirts for summer.,Clothes
Help with road trip,Plan a road trip with hotels and stops.,Travel
Children books,Looking for story books for elementary school children.,Books
Hotel booking,Looking for affordable hotels for my trip.,Travel
Help with application fee waiver,How can I request a college application fee waiver?,College Admissions
Help with evening jog,Is evening jogging better than morning jogging?,Jogging Sports
Help with basketball tournament,Find local basketball tournaments.,Basketball Sports
Emergency fund,How much should I keep in an emergency fund?,Finance
Compare products,Help me compare products before buying.,Shopping
Smartphone deal,Looking for affordable smartphone deals.,Shopping
jogging shoes,I need advice about jogging shoes. Need comfortable shoes for jogging.,Jogging Sports
Local attractions,Popular local attractions for visitors.,Tourism
Food assistance,Can you help me with this? Need help finding free meals and support services.,Homelessness
Help with indian cooking,How do I make simple Indian curry?,Cooking
local attractions,I need advice about local attractions. Popular local attractions for visitors.,Tourism
Tennis coaching,Can you help me with this? Looking for tennis lessons nearby.,Tennis Sports
Insurance question,What type of insurance should I consider?,Finance
Help with homeless support,Looking for community support because I am homeless.,Homelessness
red eyes,I need advice about red eyes. My eyes are red after wearing contacts.,Eye Medical
Help with resume review,Need feedback on my resume for software roles.,Employment
Cricket gear,What equipment is needed for cricket?,Cricket Sports
goalkeeping handball,I need advice about goalkeeping handball. Tips for handball goalkeeper practice.,Handball Sports
academic citation,I need advice about academic citation. How to cite sources in APA format?,University Education
Indian restaurant,Recommend Indian food near me.,Food
Food assistance,Need help finding free meals and support services.,Homelessness
Risk tolerance,How do I understand my investment risk level?,Investing
Help with batting tips,How can I improve cricket batting?,Cricket Sports
Part time job,Can you help me with this? Looking for part-time jobs near me.,Jobs
Help with baseball gear,What equipment is needed for baseball?,Baseball Sports
Help with distance running,Training plan for distance running.,Running Sports
Help with grade 7 math,Need help solving middle school algebra problems.,Middle School Education
Basketball drills,Can you help me with this? Need basketball practice drills.,Basketball Sports
Hand fracture,Can you help me with this? I may have a hand fracture after falling.,Hand Medical
emotional support,I need advice about emotional support. I feel emotionally overwhelmed and need help.,Depression Medical
head wound,I need advice about head wound. Need help treating a small head wound.,Head Medical
Pitching practice,Can you help me with this? Tips to improve baseball pitching.,Baseball Sports
Help with stock risk,What are risks of trading stocks?,Stocks
home inspection,I need advice about home inspection. What should I check before buying a house?,Housing
Lab report,How do I write a chemistry lab report?,High School Education
Dizziness after fall,Can you help me with this? I feel dizzy after falling and hitting my head.,Head Medical
offer decision,I need advice about offer decision. Need help comparing two employment offers.,Employment
Help with student loan,Need advice on paying student loans.,Finance
career advice,I need advice about career advice. Need advice for growing my software engineering career.,Employment
python book,I need advice about python book. What is a good book for learning Python programming?,Books
School admission,Can you help me with this? Need help enrolling my child in school.,School
warehouse job,I need advice about warehouse job. Looking for warehouse or retail jobs.,Jobs
History essay,Need help structuring a history essay.,High School Education
Hamstring injury,Can you help me with this? I pulled my hamstring while exercising.,Leg Medical
Ice hockey,Tips for ice hockey skating practice.,Hockey Sports
Summer outfit,Can you help me with this? Need ideas for summer outfits and casual wear.,Clothes
hockey training,I need advice about hockey training. How can I improve hockey skills?,Hockey Sports
relationship match,I need advice about relationship match. Looking for compatibility in marriage matching.,Matrimonial
Clothes for wedding,What should I wear to a wedding event?,Clothes
Help with breakfast spot,Where can I get breakfast nearby?,Food
Counseling nearby,Can you help me with this? Find counseling services for mental health.,Depression Medical
forehand drills,I need advice about forehand drills. Need forehand tennis drills.,Tennis Sports
study schedule,I need advice about study schedule. How should a middle school student prepare for exams?,Middle School Education
Wedding match,Can you help me with this? Looking for a suitable marriage match.,Matrimonial
Calculus basics,Need help with derivatives and limits.,High School Education
Serve tips,Can you help me with this? How do I improve my tennis serve?,Tennis Sports
Lease problem,I have an issue with my rental lease agreement.,Rental
eye pain,I need advice about eye pain. My eyes hurt when I use my laptop.,Eye Medical
security deposit,I need advice about security deposit. My landlord did not return my security deposit.,Rental
Cover letter,Can you help me with this? Help me write a professional cover letter.,Employment
chemistry assignment,I need advice about chemistry assignment. Explain chemical reactions for high school.,High School Education
beach vacation,I need advice about beach vacation. Best beach vacation places for couples.,Travel
Dizziness issue,Can you help me with this? I feel dizzy and have trouble concentrating.,Brain Medical
admission essay,I need advice about admission essay. How do I write a strong college admission essay?,College Admissions
Help with research paper,How do I write an academic research paper?,University Education
High school exams,How should I prepare for board exams?,High School Education
Affordable housing,Need help finding affordable housing options.,Housing
tennis coaching,I need advice about tennis coaching. Looking for tennis lessons nearby.,Tennis Sports
Ball handling,Can you help me with this? How to improve dribbling skills?,Basketball Sports
Help with university exam,How should I study for university finals?,University Education
Throwing practice,How to improve handball throwing power?,Handball Sports
bake cake,I need advice about bake cake. How can I bake a chocolate cake without eggs?,Cooking
Hand numbness,Can you help me with this? My hand feels numb and tingling.,Hand Medical
Help with historical places,Best historical places to visit.,Tourism
Job opening,Find current job openings in my city.,Jobs
Reading practice,Can you help me with this? Need simple reading exercises for elementary students.,Elementary Education
entry level job,I need advice about entry level job. Need entry-level software developer jobs.,Jobs
Property search,Can you help me with this? Looking for houses for sale in my area.,Housing
University selection,Which universities are good for computer science?,College Admissions
tourism destination,I need advice about tourism destination. Popular tourism destinations in the area.,Tourism
school fees,I need advice about school fees. Need information about school tuition fees.,School
Index funds,Explain index fund investing.,Investing
Handball drills,Need handball training drills.,Handball Sports
Family marriage,Can you help me with this? How to discuss arranged marriage with family?,Matrimonial
travel itinerary,I need advice about travel itinerary. Plan a 6 day travel itinerary.,Travel
ETF investment,Can you help me with this? What are good ETFs for long-term investing?,Investing
Help with cooking tips,I am new to cooking and need basic kitchen tips.,Cooking
Head wound,Can you help me with this? Need help treating a small head wound.,Head Medical
Help with indoor handball,Tips for indoor handball practice.,Handball Sports
gift shopping,I need advice about gift shopping. Need gift ideas to buy online.,Shopping
Help with online shopping,Best websites for online shopping.,Shopping
watering schedule,I need advice about watering schedule. Need a watering schedule for houseplants.,Gardening
online banking login issue,I need advice about online banking login issue. I cannot log in to my online banking account.,Banking
Help with recommendation letters,How many recommendation letters are needed for admission?,College Admissions
Seizure concern,Need help understanding seizure symptoms.,Brain Medical
physics homework,I need advice about physics homework. Need help understanding force and motion.,High School Education
calculus basics,I need advice about calculus basics. Need help with derivatives and limits.,High School Education
weekend work,I need advice about weekend work. I need weekend work to earn extra money.,Jobs
Help with biology notes,Need notes on cells and genetics.,High School Education
Share market,Explain stock market trends.,Stocks
internship search,I need advice about internship search. Looking for summer internships.,Jobs
smartphone deal,I need advice about smartphone deal. Looking for affordable smartphone deals.,Shopping
Forehand drills,Can you help me with this? Need forehand tennis drills.,Tennis Sports
Lease problem,Can you help me with this? I have an issue with my rental lease agreement.,Rental
SAT preparation,Can you help me with this? I want to prepare for the SAT exam.,College Admissions
Help with housing program,How to apply for a government housing program?,Housing
Help with machine learning course,Looking for university-level AI and ML courses.,University Education
Help with university assignment,Need help with a computer science university assignment.,University Education
memory problem,I need advice about memory problem. I am having memory issues and need medical advice.,Brain Medical
Running shoes,Best shoes for long distance running.,Running Sports
Neighborhood choice,Can you help me with this? How do I choose a safe neighborhood to live in?,Housing
Help with scholarship help,Looking for scholarships for international students.,College Admissions
Migraine headache,I get severe migraines often.,Brain Medical
Ice hockey,Can you help me with this? Tips for ice hockey skating practice.,Hockey Sports
City tour,Can you help me with this? Need a city tour plan for tourists.,Tourism
Help with insurance question,What type of insurance should I consider?,Finance
Emotional support,I feel emotionally overwhelmed and need help.,Depression Medical
Counseling nearby,Find counseling services for mental health.,Depression Medical
Sprint practice,Can you help me with this? How can I improve sprint speed?,Running Sports
Find life partner,Looking for matrimonial websites to find a life partner.,Matrimonial
statement of purpose,I need advice about statement of purpose. Need help improving my statement of purpose.,College Admissions
class schedule,I need advice about class schedule. Need help understanding school class schedule.,School
Help with hockey tournament,Find local hockey tournaments.,Hockey Sports
Help with rent increase,My rent increased and I need advice.,Rental
Help with soup recipe,How do I make homemade tomato soup?,Cooking
park jogging,I need advice about park jogging. Best parks for jogging nearby.,Jogging Sports
Help with cheap flights,Need cheap flight tickets for vacation.,Travel
credit score,I need advice about credit score. How can I improve my credit score?,Finance
Hoodie recommendation,I need stylish hoodies for college.,Clothes
Neighborhood choice,How do I choose a safe neighborhood to live in?,Housing
Statement of purpose,Need help improving my statement of purpose.,College Admissions
Help with emergency fund,How much should I keep in an emergency fund?,Finance
Batting tips,Can you help me with this? How can I improve cricket batting?,Cricket Sports
Meal recommendation,Can you help me with this? What should I eat for dinner?,Food
Job websites,Can you help me with this? Best websites to find jobs.,Jobs
Portfolio advice,How should I diversify my investment portfolio?,Investing
Beach vacation,Best beach vacation places for couples.,Travel
Help with pizza place,Where can I get good pizza tonight?,Food
indian cooking,I need advice about indian cooking. How do I make simple Indian curry?,Cooking
full time role,I need advice about full time role. Looking for full-time employment after graduation.,Employment
Hockey tournament,Find local hockey tournaments.,Hockey Sports
Help with handball strategy,Need handball team strategy tips.,Handball Sports
Help with park jogging,Best parks for jogging nearby.,Jogging Sports
Warehouse job,Can you help me with this? Looking for warehouse or retail jobs.,Jobs
Jogging pace,What is a good jogging pace for beginners?,Jogging Sports
Help with track running,Need advice for track running practice.,Running Sports
School records,Can you help me with this? How can I request student records?,School
vacation package,I need advice about vacation package. Find tourism packages for couples.,Tourism
Help with cognitive issue,I am struggling with focus and memory lately.,Brain Medical
Long term investment,Can you help me with this? Best long-term investment options.,Investing
high school exams,I need advice about high school exams. How should I prepare for board exams?,High School Education
Help with migraine attack,I have a strong migraine with nausea.,Head Medical
Concussion symptoms,Can you help me with this? What are signs of a concussion?,Head Medical
Formal shirt,Looking for formal shirts for office interviews.,Clothes
Short term rental,Can you help me with this? Looking for short-term rental housing.,Rental
Calf pain,Can you help me with this? My calf muscle hurts after workout.,Leg Medical
Housing program,How to apply for a government housing program?,Housing
risk tolerance,I need advice about risk tolerance. How do I understand my investment risk level?,Investing
stock prediction,I need advice about stock prediction. Need help analyzing stock price movement.,Stocks
Help with matrimonial app,Which matrimonial apps are trustworthy?,Matrimonial
Help with apartment for rent,Need a one bedroom apartment for rent.,Rental
biology notes,I need advice about biology notes. Need notes on cells and genetics.,High School Education
Help with vacation package,Find tourism packages for couples.,Tourism
Help with remote job,Need remote work opportunities.,Jobs
Graduate course,Which graduate courses are good for AI specialization?,University Education
Relationship match,Looking for compatibility in marriage matching.,Matrimonial
Help with market news,Latest stock market news.,Stocks
Relationship match,Can you help me with this? Looking for compatibility in marriage matching.,Matrimonial
finger swelling,I need advice about finger swelling. My finger is swollen and painful.,Hand Medical
Help with internship search,Looking for summer internships.,Jobs
burger recommendation,I need advice about burger recommendation. Looking for the best burger restaurant.,Food
Help with salary negotiation,How do I negotiate salary after receiving an offer?,Employment
Final year project,Can you help me with this? Need ideas for a senior year project.,University Education
spin bowling,I need advice about spin bowling. Tips for spin bowling practice.,Cricket Sports
track running,I need advice about track running. Need advice for track running practice.,Running Sports
Help with cricket rules,Explain basic cricket rules.,Cricket Sports
Trading app,Best apps for stock trading.,Stocks
family housing,I need advice about family housing. Need housing suitable for a family.,Housing
Machine learning course,Looking for university-level AI and ML courses.,University Education
high school project,I need advice about high school project. Ideas for a high school research project.,High School Education
Bowling practice,Need tips for fast bowling.,Cricket Sports
running pace,I need advice about running pace. What pace should I run for a 10k?,Running Sports
Wire transfer question,I need to send money through a bank wire transfer.,Banking
Help with bake cake,How can I bake a chocolate cake without eggs?,Cooking
School presentation,Need topic ideas for a middle school presentation.,Middle School Education
distance vision,I need advice about distance vision. I cannot see clearly from far away.,Eye Medical
Help with joint pain,My finger joints hurt in the morning.,Hand Medical
Help with flight cancellation,My flight was cancelled and I need help.,Travel
application deadline,I need advice about application deadline. What documents are needed before college admission deadlines?,College Admissions
Crisis support,Can you help me with this? Need immediate help because I have nowhere to stay.,Homelessness
Help with cricket academy,Find a cricket coaching academy nearby.,Cricket Sports
Finger cut,Need advice for a deep cut on my finger.,Hand Medical
parent meeting,I need advice about parent meeting. Need help preparing for a parent teacher meeting.,School
community aid,I need advice about community aid. Looking for charities that help homeless people.,Homelessness
Help with application deadline,What documents are needed before college admission deadlines?,College Admissions
5k training,Create a beginner 5k running plan.,Running Sports
Backhand practice,How to improve tennis backhand?,Tennis Sports
Elementary homework,Need help with grade 3 homework.,Elementary Education
Help with neighborhood choice,How do I choose a safe neighborhood to live in?,Housing
Credit score,Can you help me with this? How can I improve my credit score?,Finance
Research paper,Can you help me with this? How do I write an academic research paper?,University Education
Help with calculus basics,Need help with derivatives and limits.,High School Education
Migraine attack,I have a strong migraine with nausea.,Head Medical
leg cramps,I need advice about leg cramps. I get muscle cramps in my legs.,Leg Medical
Wicket keeping,How to improve wicket keeping skills?,Cricket Sports
Trading app,Can you help me with this? Best apps for stock trading.,Stocks
lease problem,I need advice about lease problem. I have an issue with my rental lease agreement.,Rental
Help with transfer school,How do I transfer to a different school?,School
Housing assistance,Can you help me with this? Looking for low-income housing assistance.,Housing
Help with tomato plants,How to grow tomatoes in a backyard garden?,Gardening
Dry eyes,My eyes are dry and burning.,Eye Medical
Help with open savings account,I want to open a new savings account with a local bank.,Banking
Mental health,Can you help me with this? Need mental health counseling options.,Depression Medical
Help with indian restaurant,Recommend Indian food near me.,Food
University assignment,Can you help me with this? Need help with a computer science university assignment.,University Education
Debit card blocked,Can you help me with this? My debit card stopped working and I need help unblocking it.,Banking
Rental listing,Can you help me with this? Find rental properties near downtown.,Rental
Help with shelter application,How do I apply for a homeless shelter?,Homelessness
Anxiety support,Need help dealing with anxiety and stress.,Depression Medical
Help with account balance issue,My bank balance looks incorrect after a recent transaction.,Banking
homeless resources,I need advice about homeless resources. Find local resources for people without housing.,Homelessness
grade 7 math,I need advice about grade 7 math. Need help solving middle school algebra problems.,Middle School Education
Application deadline,What documents are needed before college admission deadlines?,College Admissions
handball rules,I need advice about handball rules. How is handball played?,Handball Sports
Help with entry level job,Need entry-level software developer jobs.,Jobs
Basketball shoes,Can you help me with this? Best basketball shoes for indoor court.,Basketball Sports
baseball training,I need advice about baseball training. Need baseball training drills.,Baseball Sports
Sightseeing tour,Can you help me with this? Need sightseeing places in the city.,Tourism
Court practice,Need tennis court practice tips.,Tennis Sports
Home inspection,Can you help me with this? What should I check before buying a house?,Housing
guided tour,I need advice about guided tour. Looking for guided city tours.,Tourism
blurred vision,I need advice about blurred vision. My vision is blurry and unclear.,Eye Medical
Help with stock prediction,Need help analyzing stock price movement.,Stocks
Cover letter,Help me write a professional cover letter.,Employment
history essay,I need advice about history essay. Need help structuring a history essay.,High School Education
restaurant nearby,I need advice about restaurant nearby. Best restaurants near me for dinner.,Food
Help with high school project,Ideas for a high school research project.,High School Education
ball handling,I need advice about ball handling. How to improve dribbling skills?,Basketball Sports
Help with itchy eyes,Why are my eyes itchy and red?,Eye Medical
basketball coaching,I need advice about basketball coaching. Looking for basketball coaching nearby.,Basketball Sports
Financial planning,How should I plan my personal finances?,Finance
Housing crisis,Can you help me with this? I lost my housing and need support.,Homelessness
down payment,I need advice about down payment. Need advice saving for a house down payment.,Housing
Jogging plan,Create a weekly jogging plan.,Jogging Sports
long term investment,I need advice about long term investment. Best long-term investment options.,Investing
Help with low motivation,I have no motivation and feel tired all the time.,Depression Medical
handball coaching,I need advice about handball coaching. Looking for handball coaching nearby.,Handball Sports
Help with investment account,How to open an investment account?,Investing
Help with elementary homework,Need help with grade 3 homework.,Elementary Education
Help with hockey coaching,Looking for hockey coaching nearby.,Hockey Sports
Help with dizziness after fall,I feel dizzy after falling and hitting my head.,Head Medical
Help with short term rental,Looking for short-term rental housing.,Rental
cricket rules,I need advice about cricket rules. Explain basic cricket rules.,Cricket Sports
novel suggestions,I need advice about novel suggestions. Suggest some popular fiction novels.,Books
Career change,Can you help me with this? How can I switch from support to software development?,Employment
Help with family housing,Need housing suitable for a family.,Housing
School fees,Can you help me with this? Need information about school tuition fees.,School
Help with reading practice,Need simple reading exercises for elementary students.,Elementary Education
ipl schedule,I need advice about ipl schedule. When is the next IPL cricket match?,Cricket Sports
Help with stress management,Need help managing stress and anxiety.,Depression Medical
Emergency help,I need urgent help with shelter and basic needs.,Homelessness
Hand injury,Can you help me with this? I injured my hand and need treatment advice.,Hand Medical
Calf pain,My calf muscle hurts after workout.,Leg Medical
Winter jacket,Can you help me with this? Need a warm winter jacket for cold weather.,Clothes
Grand slam,Latest tennis grand slam updates.,Tennis Sports
Reading comprehension,Practice questions for middle school reading.,Middle School Education
Basketball drills,Need basketball practice drills.,Basketball Sports
Finger cut,Can you help me with this? Need advice for a deep cut on my finger.,Hand Medical
international trip,I need advice about international trip. Need advice for international travel.,Travel
apply for jobs,I need advice about apply for jobs. How do I apply for jobs online?,Jobs
Tourism destination,Can you help me with this? Popular tourism destinations in the area.,Tourism
share market,I need advice about share market. Explain stock market trends.,Stocks
Hockey stick,Need recommendations for a hockey stick.,Hockey Sports
Reading comprehension,Can you help me with this? Practice questions for middle school reading.,Middle School Education
Cognitive issue,Can you help me with this? I am struggling with focus and memory lately.,Brain Medical
resume review,I need advice about resume review. Need feedback on my resume for software roles.,Employment
job websites,I need advice about job websites. Best websites to find jobs.,Jobs
open savings account,I need advice about open savings account. I want to open a new savings account with a local bank.,Banking
debit card blocked,I need advice about debit card blocked. My debit card stopped working and I need help unblocking it.,Banking
Help with lab report,How do I write a chemistry lab report?,High School Education
Investment account,Can you help me with this? How to open an investment account?,Investing
Index funds,Can you help me with this? Explain index fund investing.,Investing
hip pain,I need advice about hip pain. My hip and upper leg hurt while walking.,Leg Medical
Vacation package,Can you help me with this? Find tourism packages for couples.,Tourism
Help with kids science,Explain simple science experiments for young children.,Elementary Education
Class schedule,Can you help me with this? Need help understanding school class schedule.,School
Help with atm withdrawal problem,The ATM charged me but did not give cash.,Banking
pitching practice,I need advice about pitching practice. Tips to improve baseball pitching.,Baseball Sports
Help with scalp pain,My scalp hurts after an injury.,Head Medical
Help with matrimonial profile,How do I write a good matrimonial profile?,Matrimonial
job opening,I need advice about job opening. Find current job openings in my city.,Jobs
Help with anxiety support,Need help dealing with anxiety and stress.,Depression Medical
Finger swelling,Can you help me with this? My finger is swollen and painful.,Hand Medical
Weekend work,I need weekend work to earn extra money.,Jobs
Carpal tunnel,What are symptoms of carpal tunnel?,Hand Medical
Geometry basics,Explain angles and triangles for middle school.,Middle School Education
ATM withdrawal problem,Can you help me with this? The ATM charged me but did not give cash.,Banking
Database class,Help understanding database normalization.,University Education
Housing assistance,Looking for low-income housing assistance.,Housing
Help with buy textbooks,I need affordable textbooks for my college classes.,Books
kids clothes,I need advice about kids clothes. Looking for affordable clothes for children.,Clothes
Graduate course,Can you help me with this? Which graduate courses are good for AI specialization?,University Education
Help with python book,What is a good book for learning Python programming?,Books
dry eyes,I need advice about dry eyes. My eyes are dry and burning.,Eye Medical
Kids science,Can you help me with this? Explain simple science experiments for young children.,Elementary Education
College application,I need help applying to universities for admission.,College Admissions
Concussion symptoms,What are signs of a concussion?,Head Medical
Move in date,Looking for apartments available next month.,Rental
Book summary,Can you suggest books with short summaries?,Books
Distance vision,I cannot see clearly from far away.,Eye Medical
hand fracture,I need advice about hand fracture. I may have a hand fracture after falling.,Hand Medical
Buy textbooks,Can you help me with this? I need affordable textbooks for my college classes.,Books
Running pace,Can you help me with this? What pace should I run for a 10k?,Running Sports
Help with need shelter,I need emergency shelter tonight.,Homelessness
Help with head injury,I hit my head and feel dizzy.,Head Medical
Itchy eyes,Why are my eyes itchy and red?,Eye Medical
headache problem,I need advice about headache problem. I have a constant headache today.,Head Medical
Eye doctor,Need an ophthalmologist recommendation.,Eye Medical
Temporary housing,Can you help me with this? Where can I find temporary housing assistance?,Homelessness
Help with ball handling,How to improve dribbling skills?,Basketball Sports
Help with part time job,Looking for part-time jobs near me.,Jobs
Indian restaurant,Can you help me with this? Recommend Indian food near me.,Food
Cricket bat,Can you help me with this? Best cricket bat for beginners.,Cricket Sports
Hockey drills,Need hockey team practice drills.,Hockey Sports
Vision test,Where can I get my vision checked?,Eye Medical
Help with lease problem,I have an issue with my rental lease agreement.,Rental
Ebook help,Where can I buy or download ebooks legally?,Books
Migraine attack,Can you help me with this? I have a strong migraine with nausea.,Head Medical
Jeans shopping,Which jeans brand is good and affordable?,Clothes
index funds,I need advice about index funds. Explain index fund investing.,Investing
Memory problem,I am having memory issues and need medical advice.,Brain Medical
soup recipe,I need advice about soup recipe. How do I make homemade tomato soup?,Cooking
Physics homework,Need help understanding force and motion.,High School Education
Help with wedding match,Looking for a suitable marriage match.,Matrimonial
Help with thesis topic,Need help choosing a thesis topic.,University Education
Help with herb garden,How do I grow basil and mint at home?,Gardening
Shooting tips,Can you help me with this? How do I improve basketball shooting?,Basketball Sports
Low motivation,Can you help me with this? I have no motivation and feel tired all the time.,Depression Medical
breakfast recipe,I need advice about breakfast recipe. Need quick breakfast recipes before work.,Cooking
Help with baseball coaching,Looking for baseball coaching nearby.,Baseball Sports
summer outfit,I need advice about summer outfit. Need ideas for summer outfits and casual wear.,Clothes
book recommendations,I need advice about book recommendations. Recommend good mystery novels to read this month.,Books
stock risk,I need advice about stock risk. What are risks of trading stocks?,Stocks
Learn alphabet,How can my child learn ABC letters?,Elementary Education
Help with distance vision,I cannot see clearly from far away.,Eye Medical
Python book,What is a good book for learning Python programming?,Books
Shelter application,Can you help me with this? How do I apply for a homeless shelter?,Homelessness
Basketball shoes,Best basketball shoes for indoor court.,Basketball Sports
head pain,I need advice about head pain. Sharp pain on one side of my head.,Head Medical
hamstring injury,I need advice about hamstring injury. I pulled my hamstring while exercising.,Leg Medical
Local attractions,Can you help me with this? Popular local attractions for visitors.,Tourism
Help with breakfast recipe,Need quick breakfast recipes before work.,Cooking
Application deadline,Can you help me with this? What documents are needed before college admission deadlines?,College Admissions
Dunk training,Can you help me with this? How can I improve vertical jump for basketball?,Basketball Sports
Buy t-shirt,I want to buy comfortable cotton t-shirts for summer.,Clothes
Indoor handball,Can you help me with this? Tips for indoor handball practice.,Handball Sports
Kids clothes,Can you help me with this? Looking for affordable clothes for children.,Clothes
Homeless resources,Can you help me with this? Find local resources for people without housing.,Homelessness
concussion concern,I need advice about concussion concern. I may have a concussion after an accident.,Brain Medical
Plant care,How often should I water indoor plants?,Gardening
Dinner ideas,Can you help me with this? Need easy dinner recipes for beginners.,Cooking
History homework,Need help with grade 8 history assignment.,Middle School Education
Help with sat math,Need high school math practice for SAT.,High School Education
pizza place,I need advice about pizza place. Where can I get good pizza tonight?,Food
Dividend stocks,What are good dividend stocks?,Stocks
final year project,I need advice about final year project. Need ideas for a senior year project.,University Education
Hoodie recommendation,Can you help me with this? I need stylish hoodies for college.,Clothes
Help with international trip,Need advice for international travel.,Travel
Seizure concern,Can you help me with this? Need help understanding seizure symptoms.,Brain Medical
Help with broken hand,How do I know if my hand is broken?,Hand Medical
apartment for rent,I need advice about apartment for rent. Need a one bedroom apartment for rent.,Rental
clothes for wedding,I need advice about clothes for wedding. What should I wear to a wedding event?,Clothes
insurance question,I need advice about insurance question. What type of insurance should I consider?,Finance
book summary,I need advice about book summary. Can you suggest books with short summaries?,Books
Help with running form,How can I improve my running form?,Running Sports
jogging pace,I need advice about jogging pace. What is a good jogging pace for beginners?,Jogging Sports
backhand practice,I need advice about backhand practice. How to improve tennis backhand?,Tennis Sports
essay writing,I need advice about essay writing. How to write a high school English essay?,High School Education
Goalie practice,Tips for hockey goalie training.,Hockey Sports
Hockey stick,Can you help me with this? Need recommendations for a hockey stick.,Hockey Sports
Morning jogging,Best morning jogging routine for beginners.,Jogging Sports
feeling depressed,I need advice about feeling depressed. I feel sad and hopeless every day.,Depression Medical
Brain injury,Can you help me with this? I had a head impact and worry about brain injury.,Brain Medical
Full time role,Looking for full-time employment after graduation.,Employment
Help with story reading,Suggest story reading practice for kids.,Elementary Education
Help with jogging pace,What is a good jogging pace for beginners?,Jogging Sports
Help with study schedule,How should a middle school student prepare for exams?,Middle School Education
SAT math,Can you help me with this? Need high school math practice for SAT.,High School Education
Help with blurred vision,My vision is blurry and unclear.,Eye Medical
Gym clothes,Can you help me with this? I want breathable workout clothes for the gym.,Clothes
Indoor handball,Tips for indoor handball practice.,Handball Sports
Risk tolerance,Can you help me with this? How do I understand my investment risk level?,Investing
History homework,Can you help me with this? Need help with grade 8 history assignment.,Middle School Education
baseball tournament,I need advice about baseball tournament. Find local baseball tournaments.,Baseball Sports
Help with mlb updates,Latest baseball match scores and news.,Baseball Sports
Help with study guide books,I need exam preparation books for high school.,Books
jeans shopping,I need advice about jeans shopping. Which jeans brand is good and affordable?,Clothes
Help with school supplies,What supplies are needed for school?,School
Credit card payment,Can you help me with this? I want to pay my credit card bill through my bank app.,Banking
batting stance,I need advice about batting stance. How to improve my batting stance?,Baseball Sports
Healthy food,Suggest healthy food options for lunch.,Food
Pizza place,Can you help me with this? Where can I get good pizza tonight?,Food
Help with therapy help,Looking for a therapist for depression.,Depression Medical
Matchmaking advice,How should I evaluate a matrimonial match?,Matrimonial
migraine attack,I need advice about migraine attack. I have a strong migraine with nausea.,Head Medical
morning jogging,I need advice about morning jogging. Best morning jogging routine for beginners.,Jogging Sports
Cricket rules,Explain basic cricket rules.,Cricket Sports
discount coupon,I need advice about discount coupon. Need discount coupons and deals.,Shopping
Self help books,Can you help me with this? I want self improvement and productivity book recommendations.,Books
Winter jacket,Need a warm winter jacket for cold weather.,Clothes
Help with court practice,Need tips for indoor basketball practice.,Basketball Sports
buy t-shirt,I need advice about buy t-shirt. I want to buy comfortable cotton t-shirts for summer.,Clothes
Burger recommendation,Can you help me with this? Looking for the best burger restaurant.,Food
leg swelling,I need advice about leg swelling. My leg is swollen and painful.,Leg Medical
Investment account,How to open an investment account?,Investing
Transfer school,How do I transfer to a different school?,School
MLB updates,Can you help me with this? Latest baseball match scores and news.,Baseball Sports
Expense tracking,Best way to track daily expenses.,Finance
therapy help,I need advice about therapy help. Looking for a therapist for depression.,Depression Medical
Mutual funds,Need advice about mutual fund investing.,Investing
Wrist pain,Can you help me with this? My wrist hurts after typing all day.,Hand Medical
Ankle injury,Can you help me with this? I twisted my ankle during jogging.,Leg Medical
Handball tournament,Can you help me with this? Find local handball tournaments.,Handball Sports
Tax filing,Need help filing taxes this year.,Finance
marathon training,I need advice about marathon training. How do I train for a marathon?,Running Sports
Goalkeeping handball,Can you help me with this? Tips for handball goalkeeper practice.,Handball Sports
baseball rules,I need advice about baseball rules. Explain basic baseball rules.,Baseball Sports
Kids clothes,Looking for affordable clothes for children.,Clothes
Internship search,Can you help me with this? Looking for summer internships.,Jobs
Stock prediction,Need help analyzing stock price movement.,Stocks
Matrimonial profile,How do I write a good matrimonial profile?,Matrimonial
Security deposit,My landlord did not return my security deposit.,Rental
Help with 5k training,Create a beginner 5k running plan.,Running Sports
ebook help,I need advice about ebook help. Where can I buy or download ebooks legally?,Books
Physics homework,Can you help me with this? Need help understanding force and motion.,High School Education
mental health,I need advice about mental health. Need mental health counseling options.,Depression Medical
court practice,I need advice about court practice. Need tennis court practice tips.,Tennis Sports
writing sentences,I need advice about writing sentences. How can a child practice writing simple sentences?,Elementary Education
Help with multiplication tables,How to teach multiplication tables to kids?,Elementary Education
Recommendation letters,Can you help me with this? How many recommendation letters are needed for admission?,College Admissions
Share market,Can you help me with this? Explain stock market trends.,Stocks
Salary negotiation,Can you help me with this? How do I negotiate salary after receiving an offer?,Employment
Jogging shoes,Can you help me with this? Need comfortable shoes for jogging.,Jogging Sports
gym clothes,I need advice about gym clothes. I want breathable workout clothes for the gym.,Clothes
Basketball rules,Can you help me with this? Explain basketball fouls and rules.,Basketball Sports
history homework,I need advice about history homework. Need help with grade 8 history assignment.,Middle School Education
Travel insurance,Should I buy travel insurance?,Travel
Handball equipment,Can you help me with this? What equipment is needed for handball?,Handball Sports
Baseball rules,Explain basic baseball rules.,Baseball Sports
Online banking login issue,Can you help me with this? I cannot log in to my online banking account.,Banking
Healthy food,Can you help me with this? Suggest healthy food options for lunch.,Food
IPL schedule,When is the next IPL cricket match?,Cricket Sports
Matrimonial app,Which matrimonial apps are trustworthy?,Matrimonial
Help with grammar practice,Middle school English grammar exercises needed.,Middle School Education
Down payment,Can you help me with this? Need advice saving for a house down payment.,Housing
Full time role,Can you help me with this? Looking for full-time employment after graduation.,Employment
online shopping,I need advice about online shopping. Best websites for online shopping.,Shopping
Handball team,Can you help me with this? How to join a handball team?,Handball Sports
Community aid,Can you help me with this? Looking for charities that help homeless people.,Homelessness
Race preparation,Can you help me with this? How to prepare for a running race?,Running Sports
thumb pain,I need advice about thumb pain. My thumb hurts when I move it.,Hand Medical
Food delivery,Need cheap food delivery options.,Food
Help with memory problem,I am having memory issues and need medical advice.,Brain Medical
Stock trading,How do I buy and sell stocks online?,Stocks
Recommendation letters,How many recommendation letters are needed for admission?,College Admissions
Tomato plants,Can you help me with this? How to grow tomatoes in a backyard garden?,Gardening
Batting stance,How to improve my batting stance?,Baseball Sports
Help with seizure concern,Need help understanding seizure symptoms.,Brain Medical
Help with stock trading,How do I buy and sell stocks online?,Stocks
Help with neurologist help,Need a recommendation for a brain specialist.,Brain Medical
Help with emergency help,I need urgent help with shelter and basic needs.,Homelessness
Indian cooking,Can you help me with this? How do I make simple Indian curry?,Cooking
travel insurance,I need advice about travel insurance. Should I buy travel insurance?,Travel
Partner search,Can you help me with this? Need advice for finding a serious life partner.,Matrimonial
Tennis shoes,Can you help me with this? Best shoes for tennis court.,Tennis Sports
Help with goalie practice,Tips for hockey goalie training.,Hockey Sports
knee pain,I need advice about knee pain. My knee hurts when I walk or run.,Leg Medical
head trauma,I need advice about head trauma. Should I see a doctor after head trauma?,Head Medical
Tourism destination,Popular tourism destinations in the area.,Tourism
Help with debit card blocked,My debit card stopped working and I need help unblocking it.,Banking
Headache problem,Can you help me with this? I have a constant headache today.,Head Medical
Help with index funds,Explain index fund investing.,Investing
Help with ipl schedule,When is the next IPL cricket match?,Cricket Sports
Thesis topic,Can you help me with this? Need help choosing a thesis topic.,University Education
Help with emotional support,I feel emotionally overwhelmed and need help.,Depression Medical
Help with brain injury,I had a head impact and worry about brain injury.,Brain Medical
Machine learning course,Can you help me with this? Looking for university-level AI and ML courses.,University Education
handball tournament,I need advice about handball tournament. Find local handball tournaments.,Handball Sports
Help with cricket bat,Best cricket bat for beginners.,Cricket Sports
Help with nba highlights,Show latest basketball game highlights.,Basketball Sports
geometry basics,I need advice about geometry basics. Explain angles and triangles for middle school.,Middle School Education
wicket keeping,I need advice about wicket keeping. How to improve wicket keeping skills?,Cricket Sports
Salary negotiation,How do I negotiate salary after receiving an offer?,Employment
Baseball coaching,Can you help me with this? Looking for baseball coaching nearby.,Baseball Sports
Electronics store,Can you help me with this? Recommend electronics shopping websites.,Shopping
university selection,I need advice about university selection. Which universities are good for computer science?,College Admissions
Homeless support,Can you help me with this? Looking for community support because I am homeless.,Homelessness
dividend stocks,I need advice about dividend stocks. What are good dividend stocks?,Stocks
Story reading,Suggest story reading practice for kids.,Elementary Education
jogging injury,I need advice about jogging injury. How to avoid injuries while jogging?,Jogging Sports
cheap flights,I need advice about cheap flights. Need cheap flight tickets for vacation.,Travel
Restaurant nearby,Best restaurants near me for dinner.,Food
Help with food assistance,Need help finding free meals and support services.,Homelessness
Court practice,Can you help me with this? Need tennis court practice tips.,Tennis Sports
elementary homework,I need advice about elementary homework. Need help with grade 3 homework.,Elementary Education
Help with discount coupon,Need discount coupons and deals.,Shopping
Phonics practice,Looking for phonics activities for children.,Elementary Education
hockey drills,I need advice about hockey drills. Need hockey team practice drills.,Hockey Sports
Hockey coaching,Looking for hockey coaching nearby.,Hockey Sports
Kids science,Explain simple science experiments for young children.,Elementary Education
Head injury,Can you help me with this? I hit my head and feel dizzy.,Head Medical
Help with self help books,I want self improvement and productivity book recommendations.,Books
GRE admission,Do I need GRE scores for graduate admission?,College Admissions
eye doctor,I need advice about eye doctor. Need an ophthalmologist recommendation.,Eye Medical
Help with knee pain,My knee hurts when I walk or run.,Leg Medical
Shin pain,My shins hurt after running.,Leg Medical
Help with long term investment,Best long-term investment options.,Investing
bowling practice,I need advice about bowling practice. Need tips for fast bowling.,Cricket Sports
Help with housing crisis,I lost my housing and need support.,Homelessness
serve tips,I need advice about serve tips. How do I improve my tennis serve?,Tennis Sports
Scholarship help,Can you help me with this? Looking for scholarships for international students.,College Admissions
Handball rules,Can you help me with this? How is handball played?,Handball Sports
Help with vision test,Where can I get my vision checked?,Eye Medical
Credit score,How can I improve my credit score?,Finance
Career advice,Need advice for growing my software engineering career.,Employment
Help with indoor plants,Best indoor plants for apartments.,Gardening
Spin bowling,Can you help me with this? Tips for spin bowling practice.,Cricket Sports
Indoor plants,Best indoor plants for apartments.,Gardening
Help with race preparation,How to prepare for a running race?,Running Sports
Help with academic citation,How to cite sources in APA format?,University Education
workplace communication,I need advice about workplace communication. Need help writing a professional work email.,Employment
Open savings account,I want to open a new savings account with a local bank.,Banking
Resume review,Need feedback on my resume for software roles.,Employment
head pressure,I need advice about head pressure. I feel pressure in my head.,Head Medical
Contact lens issue,My contact lenses are irritating my eyes.,Eye Medical
buy shares,I need advice about buy shares. How can I buy company shares?,Stocks
Help with dessert place,Best dessert shops in the city.,Food
Help with hockey drills,Need hockey team practice drills.,Hockey Sports
Library books,Can you help me with this? How can I borrow books from a public library?,Books
Job opening,Can you help me with this? Find current job openings in my city.,Jobs
Running shoes,Can you help me with this? Best shoes for long distance running.,Running Sports
Technical analysis,How do technical indicators work?,Stocks
Find roommates,Can you help me with this? Looking for roommates for a shared rental.,Rental
Meal prep,Give me healthy meal prep ideas for the week.,Cooking
healthy food,I need advice about healthy food. Suggest healthy food options for lunch.,Food
Admission essay,Can you help me with this? How do I write a strong college admission essay?,College Admissions
School admission,Need help enrolling my child in school.,School
food assistance,I need advice about food assistance. Need help finding free meals and support services.,Homelessness
Thumb pain,Can you help me with this? My thumb hurts when I move it.,Hand Medical
Marriage proposal,Can you help me with this? Need help responding to a marriage proposal.,Matrimonial
formal shirt,I need advice about formal shirt. Looking for formal shirts for office interviews.,Clothes
flight cancellation,I need advice about flight cancellation. My flight was cancelled and I need help.,Travel
Breakfast recipe,Can you help me with this? Need quick breakfast recipes before work.,Cooking
Help with hand fracture,I may have a hand fracture after falling.,Hand Medical
school bus,I need advice about school bus. How do I register for school bus service?,School
low motivation,I need advice about low motivation. I have no motivation and feel tired all the time.,Depression Medical
saving money,I need advice about saving money. Give me tips to save money every month.,Finance
Help with history homework,Need help with grade 8 history assignment.,Middle School Education
Study guide books,Can you help me with this? I need exam preparation books for high school.,Books
Help with eye pain,My eyes hurt when I use my laptop.,Eye Medical
Help with sat preparation,I want to prepare for the SAT exam.,College Admissions
Essay writing,How to write a high school English essay?,High School Education
School policy,Need information about school attendance policy.,School
research paper,I need advice about research paper. How do I write an academic research paper?,University Education
Sightseeing tour,Need sightseeing places in the city.,Tourism
World cup,Can you help me with this? Latest cricket world cup updates.,Cricket Sports
Help with soil improvement,How do I improve soil for gardening?,Gardening
Data structures,Can you help me with this? Need help with algorithms and data structures.,University Education
Red eyes,My eyes are red after wearing contacts.,Eye Medical
Interview preparation,How should I prepare for a job interview?,Employment
Help with flower garden,Need tips for growing flowers at home.,Gardening
hotel booking,I need advice about hotel booking. Looking for affordable hotels for my trip.,Travel
database class,I need advice about database class. Help understanding database normalization.,University Education
Student loan,Can you help me with this? Need advice on paying student loans.,Finance
Dinner ideas,Need easy dinner recipes for beginners.,Cooking
Bank statement request,I need a copy of my recent bank statement.,Banking
Herb garden,How do I grow basil and mint at home?,Gardening
Soup recipe,Can you help me with this? How do I make homemade tomato soup?,Cooking
Basketball coaching,Can you help me with this? Looking for basketball coaching nearby.,Basketball Sports
Tennis rules,Explain basic tennis scoring rules.,Tennis Sports
Foot pain,Can you help me with this? My foot hurts when standing.,Leg Medical
Help with backhand practice,How to improve tennis backhand?,Tennis Sports
Bake cake,Can you help me with this? How can I bake a chocolate cake without eggs?,Cooking
Help with dinner ideas,Need easy dinner recipes for beginners.,Cooking
Retirement investing,How should I invest for retirement?,Investing
Meal prep,Can you help me with this? Give me healthy meal prep ideas for the week.,Cooking
herb garden,I need advice about herb garden. How do I grow basil and mint at home?,Gardening
indoor handball,I need advice about indoor handball. Tips for indoor handball practice.,Handball Sports
Spin bowling,Tips for spin bowling practice.,Cricket Sports
Head pain,Sharp pain on one side of my head.,Head Medical
Help with yellow leaves,My plant leaves are turning yellow.,Gardening
Leg fracture,Can you help me with this? I think I may have fractured my leg.,Leg Medical
Book summary,Can you help me with this? Can you suggest books with short summaries?,Books
Help with jogging injury,How to avoid injuries while jogging?,Jogging Sports
Help with property search,Looking for houses for sale in my area.,Housing
neurology symptoms,I need advice about neurology symptoms. Need information about neurological symptoms.,Brain Medical
Crypto risk,Can you help me with this? Is cryptocurrency investing risky?,Investing
wrist pain,I need advice about wrist pain. My wrist hurts after typing all day.,Hand Medical
story reading,I need advice about story reading. Suggest story reading practice for kids.,Elementary Education
Brain injury,I had a head impact and worry about brain injury.,Brain Medical
kids science,I need advice about kids science. Explain simple science experiments for young children.,Elementary Education
pasta recipe,I need advice about pasta recipe. How do I cook creamy pasta at home?,Cooking
Scholarship help,Looking for scholarships for international students.,College Admissions
baseball coaching,I need advice about baseball coaching. Looking for baseball coaching nearby.,Baseball Sports
multiplication tables,I need advice about multiplication tables. How to teach multiplication tables to kids?,Elementary Education
Jogging shoes,Need comfortable shoes for jogging.,Jogging Sports
shin pain,I need advice about shin pain. My shins hurt after running.,Leg Medical
Chicken recipe,Can you help me with this? How should I cook chicken breast properly?,Cooking
Book recommendations,Can you help me with this? Recommend good mystery novels to read this month.,Books
Wedding match,Looking for a suitable marriage match.,Matrimonial
Summer outfit,Need ideas for summer outfits and casual wear.,Clothes
account balance issue,I need advice about account balance issue. My bank balance looks incorrect after a recent transaction.,Banking
Mortgage help,How do I apply for a mortgage?,Housing
Jogging fitness,Use jogging to improve fitness.,Jogging Sports
Hockey training,Can you help me with this? How can I improve hockey skills?,Hockey Sports
International trip,Can you help me with this? Need advice for international travel.,Travel
Help with plant care,How often should I water indoor plants?,Gardening
Breakfast spot,Where can I get breakfast nearby?,Food
concussion symptoms,I need advice about concussion symptoms. What are signs of a concussion?,Head Medical
Help with foot pain,My foot hurts when standing.,Leg Medical
ATM withdrawal problem,The ATM charged me but did not give cash.,Banking
Help with school bus,How do I register for school bus service?,School
Handball tournament,Find local handball tournaments.,Handball Sports
Study guide books,I need exam preparation books for high school.,Books
Head injury,I hit my head and feel dizzy.,Head Medical
Help with hockey stick,Need recommendations for a hockey stick.,Hockey Sports
interview preparation,I need advice about interview preparation. How should I prepare for a job interview?,Employment
Indoor plants,Can you help me with this? Best indoor plants for apartments.,Gardening
hand injury,I need advice about hand injury. I injured my hand and need treatment advice.,Hand Medical
sprint practice,I need advice about sprint practice. How can I improve sprint speed?,Running Sports
Help with linkedin profile,How can I improve my LinkedIn profile?,Employment
brain injury,I need advice about brain injury. I had a head impact and worry about brain injury.,Brain Medical
Matchmaking advice,Can you help me with this? How should I evaluate a matrimonial match?,Matrimonial
distance running,I need advice about distance running. Training plan for distance running.,Running Sports
vegan food,I need advice about vegan food. Need vegan food places nearby.,Food
Study schedule,How should a middle school student prepare for exams?,Middle School Education
Help with book summary,Can you suggest books with short summaries?,Books
Pizza place,Where can I get good pizza tonight?,Food
Help with career change,How can I switch from support to software development?,Employment
Indian cooking,How do I make simple Indian curry?,Cooking
5k training,Can you help me with this? Create a beginner 5k running plan.,Running Sports
Help with return item,How do I return an item I bought online?,Shopping
buy laptop,I need advice about buy laptop. Where can I buy a gaming laptop?,Shopping
Help with down payment,Need advice saving for a house down payment.,Housing
Ebook help,Can you help me with this? Where can I buy or download ebooks legally?,Books
Hand fracture,I may have a hand fracture after falling.,Hand Medical
basketball drills,I need advice about basketball drills. Need basketball practice drills.,Basketball Sports
Stock portfolio,Can you help me with this? Need help building a stock portfolio.,Stocks
social studies,I need advice about social studies. Help with middle school social studies homework.,Middle School Education
Account balance issue,My bank balance looks incorrect after a recent transaction.,Banking
portfolio advice,I need advice about portfolio advice. How should I diversify my investment portfolio?,Investing
grand slam,I need advice about grand slam. Latest tennis grand slam updates.,Tennis Sports
Baseball training,Can you help me with this? Need baseball training drills.,Baseball Sports
Rental application,Can you help me with this? How do I apply for an apartment rental?,Rental
seizure concern,I need advice about seizure concern. Need help understanding seizure symptoms.,Brain Medical
Help with vegetarian food,Suggest vegetarian recipes with vegetables and rice.,Cooking
Help with head trauma,Should I see a doctor after head trauma?,Head Medical
Burger recommendation,Looking for the best burger restaurant.,Food
Help with risk tolerance,How do I understand my investment risk level?,Investing
Feeling depressed,I feel sad and hopeless every day.,Depression Medical
Help with grand slam,Latest tennis grand slam updates.,Tennis Sports
Neurologist help,Need a recommendation for a brain specialist.,Brain Medical
Saving money,Give me tips to save money every month.,Finance
Dry eyes,Can you help me with this? My eyes are dry and burning.,Eye Medical
Warehouse job,Looking for warehouse or retail jobs.,Jobs
sneaker outfit,I need advice about sneaker outfit. What clothes match with white sneakers?,Clothes
Emergency fund,Can you help me with this? How much should I keep in an emergency fund?,Finance
Help with hotel booking,Looking for affordable hotels for my trip.,Travel
Security deposit,Can you help me with this? My landlord did not return my security deposit.,Rental
Remote job,Need remote work opportunities.,Jobs
Travel itinerary,Can you help me with this? Plan a 6 day travel itinerary.,Travel
Formal shirt,Can you help me with this? Looking for formal shirts for office interviews.,Clothes
Hand injury,I injured my hand and need treatment advice.,Hand Medical
Cricket bat,Best cricket bat for beginners.,Cricket Sports
Travel itinerary,Plan a 6 day travel itinerary.,Travel
Concussion concern,Can you help me with this? I may have a concussion after an accident.,Brain Medical
soil improvement,I need advice about soil improvement. How do I improve soil for gardening?,Gardening
Help with online banking login issue,I cannot log in to my online banking account.,Banking
Offer decision,Need help comparing two employment offers.,Employment
Chemistry assignment,Explain chemical reactions for high school.,High School Education
return item,I need advice about return item. How do I return an item I bought online?,Shopping
matrimonial profile,I need advice about matrimonial profile. How do I write a good matrimonial profile?,Matrimonial
Help with jogging shoes,Need comfortable shoes for jogging.,Jogging Sports
technical analysis,I need advice about technical analysis. How do technical indicators work?,Stocks
Matrimonial profile,Can you help me with this? How do I write a good matrimonial profile?,Matrimonial
Help with hand injury,I injured my hand and need treatment advice.,Hand Medical
Help with statement of purpose,Need help improving my statement of purpose.,College Admissions
Help with head pressure,I feel pressure in my head.,Head Medical
Handball drills,Can you help me with this? Need handball training drills.,Handball Sports
Geometry basics,Can you help me with this? Explain angles and triangles for middle school.,Middle School Education
Help with final year project,Need ideas for a senior year project.,University Education
stock portfolio,I need advice about stock portfolio. Need help building a stock portfolio.,Stocks
Help with school policy,Need information about school attendance policy.,School
Help with watering schedule,Need a watering schedule for houseplants.,Gardening
Help with school records,How can I request student records?,School
Therapy help,Looking for a therapist for depression.,Depression Medical
Help with sprint practice,How can I improve sprint speed?,Running Sports
Feeling depressed,Can you help me with this? I feel sad and hopeless every day.,Depression Medical
Baseball coaching,Looking for baseball coaching nearby.,Baseball Sports
Need shelter,Can you help me with this? I need emergency shelter tonight.,Homelessness
checking account fees,I need advice about checking account fees. I want to understand monthly fees on my checking account.,Banking
Thesis topic,Need help choosing a thesis topic.,University Education
nhl news,I need advice about nhl news. Latest hockey league updates.,Hockey Sports
Data structures,Need help with algorithms and data structures.,University Education
Help with debt payoff,Need a strategy to pay off credit card debt.,Finance
Dessert place,Can you help me with this? Best dessert shops in the city.,Food
Spelling help,Can you help me with this? My child needs help with spelling words.,Elementary Education
Help with head wound,Need help treating a small head wound.,Head Medical
Handball strategy,Can you help me with this? Need handball team strategy tips.,Handball Sports
Help with school fees,Need information about school tuition fees.,School
road trip,I need advice about road trip. Plan a road trip with hotels and stops.,Travel
Jeans shopping,Can you help me with this? Which jeans brand is good and affordable?,Clothes
School fees,Need information about school tuition fees.,School
compare products,I need advice about compare products. Help me compare products before buying.,Shopping
Pitching practice,Tips to improve baseball pitching.,Baseball Sports
Partner search,Need advice for finding a serious life partner.,Matrimonial
Short term rental,Looking for short-term rental housing.,Rental
Application fee waiver,Can you help me with this? How can I request a college application fee waiver?,College Admissions
Help with baseball rules,Explain basic baseball rules.,Baseball Sports
hockey coaching,I need advice about hockey coaching. Looking for hockey coaching nearby.,Hockey Sports
Landmarks,Can you help me with this? Famous landmarks tourists should see.,Tourism
Depression symptoms,Can you help me with this? What are symptoms of depression?,Depression Medical
Home inspection,What should I check before buying a house?,Housing
Help with family marriage,How to discuss arranged marriage with family?,Matrimonial
Evening jog,Can you help me with this? Is evening jogging better than morning jogging?,Jogging Sports
Help with vegetable garden,I want to start a small vegetable garden.,Gardening
Help with community aid,Looking for charities that help homeless people.,Homelessness
Eye pain,Can you help me with this? My eyes hurt when I use my laptop.,Eye Medical
Watering schedule,Need a watering schedule for houseplants.,Gardening
Student jobs,Can you help me with this? Part-time jobs for college students.,Jobs
Shooting tips,How do I improve basketball shooting?,Basketball Sports
Running form,How can I improve my running form?,Running Sports
depression symptoms,I need advice about depression symptoms. What are symptoms of depression?,Depression Medical
Gym clothes,I want breathable workout clothes for the gym.,Clothes
Brain scan,Do I need a brain scan for recurring headaches?,Brain Medical
Baseball batting,Can you help me with this? How can I improve my baseball batting?,Baseball Sports
contact lens issue,I need advice about contact lens issue. My contact lenses are irritating my eyes.,Eye Medical
Help with gym clothes,I want breathable workout clothes for the gym.,Clothes
Crypto risk,Is cryptocurrency investing risky?,Investing
Help with student jobs,Part-time jobs for college students.,Jobs
Career advice,Can you help me with this? Need advice for growing my software engineering career.,Employment
Fractions help,Need help understanding fractions and decimals.,Middle School Education
Help with retirement investing,How should I invest for retirement?,Investing
Help with shin pain,My shins hurt after running.,Leg Medical
vision test,I need advice about vision test. Where can I get my vision checked?,Eye Medical
finger cut,I need advice about finger cut. Need advice for a deep cut on my finger.,Hand Medical
buy textbooks,I need advice about buy textbooks. I need affordable textbooks for my college classes.,Books
Hockey tournament,Can you help me with this? Find local hockey tournaments.,Hockey Sports
Help with tenant issue,Need help understanding tenant rights.,Rental
Joint pain,My finger joints hurt in the morning.,Hand Medical
Panic attacks,Can you help me with this? How can I manage panic attacks?,Depression Medical
Help with landmarks,Famous landmarks tourists should see.,Tourism
Debit card blocked,My debit card stopped working and I need help unblocking it.,Banking
Help with school admission,Need help enrolling my child in school.,School
Marathon training,How do I train for a marathon?,Running Sports
Help with school presentation,Need topic ideas for a middle school presentation.,Middle School Education
Help with spin bowling,Tips for spin bowling practice.,Cricket Sports
Tennis shoes,Best shoes for tennis court.,Tennis Sports
Help with restaurant nearby,Best restaurants near me for dinner.,Food
school admission,I need advice about school admission. Need help enrolling my child in school.,School
Price deal,Can you help me with this? Find the best price for a product.,Shopping
Distance vision,Can you help me with this? I cannot see clearly from far away.,Eye Medical
running form,I need advice about running form. How can I improve my running form?,Running Sports
SAT math,Need high school math practice for SAT.,High School Education
Wicket keeping,Can you help me with this? How to improve wicket keeping skills?,Cricket Sports
History essay,Can you help me with this? Need help structuring a history essay.,High School Education
GRE admission,Can you help me with this? Do I need GRE scores for graduate admission?,College Admissions
Ball handling,How to improve dribbling skills?,Basketball Sports
housing assistance,I need advice about housing assistance. Looking for low-income housing assistance.,Housing
children books,I need advice about children books. Looking for story books for elementary school children.,Books
Help with marathon training,How do I train for a marathon?,Running Sports
migraine headache,I need advice about migraine headache. I get severe migraines often.,Brain Medical
Red eyes,Can you help me with this? My eyes are red after wearing contacts.,Eye Medical
Help with batting stance,How to improve my batting stance?,Baseball Sports
breakfast spot,I need advice about breakfast spot. Where can I get breakfast nearby?,Food
Help with security deposit,My landlord did not return my security deposit.,Rental
Retirement investing,Can you help me with this? How should I invest for retirement?,Investing
Help with offer decision,Need help comparing two employment offers.,Employment
Help with garden pests,How can I remove pests from my plants?,Gardening
University assignment,Need help with a computer science university assignment.,University Education
Help with bank loan help,I want information about personal loans from a bank.,Banking
Marriage matching,Need help with marriage matchmaking.,Matrimonial
Help with credit card payment,I want to pay my credit card bill through my bank app.,Banking
dizziness after fall,I need advice about dizziness after fall. I feel dizzy after falling and hitting my head.,Head Medical
Help with dry eyes,My eyes are dry and burning.,Eye Medical
landmarks,I need advice about landmarks. Famous landmarks tourists should see.,Tourism
Help with tax filing,Need help filing taxes this year.,Finance
Knee pain,My knee hurts when I walk or run.,Leg Medical
Emergency help,Can you help me with this? I need urgent help with shelter and basic needs.,Homelessness
cognitive issue,I need advice about cognitive issue. I am struggling with focus and memory lately.,Brain Medical
shopping sale,I need advice about shopping sale. When is the next big shopping sale?,Shopping
Science project,Can you help me with this? Ideas for a middle school science fair project.,Middle School Education
Help with shooting tips,How do I improve basketball shooting?,Basketball Sports
Low motivation,I have no motivation and feel tired all the time.,Depression Medical
Yellow leaves,Can you help me with this? My plant leaves are turning yellow.,Gardening
application fee waiver,I need advice about application fee waiver. How can I request a college application fee waiver?,College Admissions
Apartment for rent,Can you help me with this? Need a one bedroom apartment for rent.,Rental
Broken hand,Can you help me with this? How do I know if my hand is broken?,Hand Medical
Weekend work,Can you help me with this? I need weekend work to earn extra money.,Jobs
Marriage matching,Can you help me with this? Need help with marriage matchmaking.,Matrimonial
Mortgage help,Can you help me with this? How do I apply for a mortgage?,Housing
Hotel booking,Can you help me with this? Looking for affordable hotels for my trip.,Travel
Bank loan help,Can you help me with this? I want information about personal loans from a bank.,Banking
Help with admission essay,How do I write a strong college admission essay?,College Admissions
Guided tour,Can you help me with this? Looking for guided city tours.,Tourism
Help with ankle injury,I twisted my ankle during jogging.,Leg Medical
Rent increase,My rent increased and I need advice.,Rental
Museum visit,Can you help me with this? Which museums should tourists visit?,Tourism
vegetarian food,I need advice about vegetarian food. Suggest vegetarian recipes with vegetables and rice.,Cooking
Help with dunk training,How can I improve vertical jump for basketball?,Basketball Sports
Rental listing,Find rental properties near downtown.,Rental
Help with tourist attractions,Best tourist attractions in New York.,Tourism
Jogging injury,Can you help me with this? How to avoid injuries while jogging?,Jogging Sports
remote job,I need advice about remote job. Need remote work opportunities.,Jobs
Breakfast recipe,Need quick breakfast recipes before work.,Cooking
Essay writing,Can you help me with this? How to write a high school English essay?,High School Education
Soil improvement,How do I improve soil for gardening?,Gardening
hockey tournament,I need advice about hockey tournament. Find local hockey tournaments.,Hockey Sports
jogging fitness,I need advice about jogging fitness. Use jogging to improve fitness.,Jogging Sports
Distance running,Training plan for distance running.,Running Sports
Herb garden,Can you help me with this? How do I grow basil and mint at home?,Gardening
Compare products,Can you help me with this? Help me compare products before buying.,Shopping
Meal recommendation,What should I eat for dinner?,Food
Statement of purpose,Can you help me with this? Need help improving my statement of purpose.,College Admissions
Help with cricket gear,What equipment is needed for cricket?,Cricket Sports
Bank loan help,I want information about personal loans from a bank.,Banking
Gift shopping,Need gift ideas to buy online.,Shopping
Vacation package,Find tourism packages for couples.,Tourism
shelter application,I need advice about shelter application. How do I apply for a homeless shelter?,Homelessness
crypto risk,I need advice about crypto risk. Is cryptocurrency investing risky?,Investing
Help with morning jogging,Best morning jogging routine for beginners.,Jogging Sports
Help with school uniform,Where can I buy school uniforms?,School
Buy shares,Can you help me with this? How can I buy company shares?,Stocks
Help with hip pain,My hip and upper leg hurt while walking.,Leg Medical
Market news,Latest stock market news.,Stocks
Help with physics homework,Need help understanding force and motion.,High School Education
Stress management,Can you help me with this? Need help managing stress and anxiety.,Depression Medical
Elementary homework,Can you help me with this? Need help with grade 3 homework.,Elementary Education
atm withdrawal problem,I need advice about atm withdrawal problem. The ATM charged me but did not give cash.,Banking
Expense tracking,Can you help me with this? Best way to track daily expenses.,Finance
Road trip,Can you help me with this? Plan a road trip with hotels and stops.,Travel
Phonics practice,Can you help me with this? Looking for phonics activities for children.,Elementary Education
Account balance issue,Can you help me with this? My bank balance looks incorrect after a recent transaction.,Banking
Neurology symptoms,Can you help me with this? Need information about neurological symptoms.,Brain Medical
Discount coupon,Can you help me with this? Need discount coupons and deals.,Shopping
Breakfast spot,Can you help me with this? Where can I get breakfast nearby?,Food
Flight cancellation,Can you help me with this? My flight was cancelled and I need help.,Travel
Guided tour,Looking for guided city tours.,Tourism
Help with marriage matching,Need help with marriage matchmaking.,Matrimonial
Tennis tournament,Can you help me with this? Find local tennis tournaments.,Tennis Sports
Help with job opening,Find current job openings in my city.,Jobs
Goalie practice,Can you help me with this? Tips for hockey goalie training.,Hockey Sports
handball team,I need advice about handball team. How to join a handball team?,Handball Sports
court practice,I need advice about court practice. Need tips for indoor basketball practice.,Basketball Sports
Jogging injury,How to avoid injuries while jogging?,Jogging Sports
tennis rules,I need advice about tennis rules. Explain basic tennis scoring rules.,Tennis Sports
Eye pain,My eyes hurt when I use my laptop.,Eye Medical
Pasta recipe,How do I cook creamy pasta at home?,Cooking
Hip pain,My hip and upper leg hurt while walking.,Leg Medical
cricket academy,I need advice about cricket academy. Find a cricket coaching academy nearby.,Cricket Sports
Vision test,Can you help me with this? Where can I get my vision checked?,Eye Medical
NHL news,Can you help me with this? Latest hockey league updates.,Hockey Sports
Joint pain,Can you help me with this? My finger joints hurt in the morning.,Hand Medical
Head pain,Can you help me with this? Sharp pain on one side of my head.,Head Medical
Application fee waiver,How can I request a college application fee waiver?,College Admissions
Forehand drills,Need forehand tennis drills.,Tennis Sports
Garden pests,Can you help me with this? How can I remove pests from my plants?,Gardening
Help with basketball drills,Need basketball practice drills.,Basketball Sports
jogging weight loss,I need advice about jogging weight loss. Can jogging help with weight loss?,Jogging Sports
Evening jog,Is evening jogging better than morning jogging?,Jogging Sports
Help with clothes for wedding,What should I wear to a wedding event?,Clothes
property search,I need advice about property search. Looking for houses for sale in my area.,Housing
Help with running pace,What pace should I run for a 10k?,Running Sports
Help with basketball rules,Explain basketball fouls and rules.,Basketball Sports
Python book,Can you help me with this? What is a good book for learning Python programming?,Books
Help with gre admission,Do I need GRE scores for graduate admission?,College Admissions
Help with budget planning,How can I manage my monthly expenses?,Finance
packing list,I need advice about packing list. What should I pack for a trip?,Travel
Help with learn alphabet,How can my child learn ABC letters?,Elementary Education
Stock risk,What are risks of trading stocks?,Stocks
basketball shoes,I need advice about basketball shoes. Best basketball shoes for indoor court.,Basketball Sports
Help with museum visit,Which museums should tourists visit?,Tourism
Online banking login issue,I cannot log in to my online banking account.,Banking
school records,I need advice about school records. How can I request student records?,School
tennis racket,I need advice about tennis racket. Best tennis racket for beginners.,Tennis Sports
Shopping sale,When is the next big shopping sale?,Shopping
Vegan food,Need vegan food places nearby.,Food
Grammar practice,Can you help me with this? Middle school English grammar exercises needed.,Middle School Education
Scalp pain,My scalp hurts after an injury.,Head Medical
Help with running shoes,Best shoes for long distance running.,Running Sports
Headache problem,I have a constant headache today.,Head Medical
Buy shares,How can I buy company shares?,Stocks
Help with job websites,Best websites to find jobs.,Jobs
Academic citation,Can you help me with this? How to cite sources in APA format?,University Education
Hockey gear,Can you help me with this? What equipment is needed for hockey?,Hockey Sports
school presentation,I need advice about school presentation. Need topic ideas for a middle school presentation.,Middle School Education
gre admission,I need advice about gre admission. Do I need GRE scores for graduate admission?,College Admissions
Dessert place,Best dessert shops in the city.,Food
Investing basics,How do I start investing as a beginner?,Investing
City tour,Need a city tour plan for tourists.,Tourism
Market news,Can you help me with this? Latest stock market news.,Stocks
crisis support,I need advice about crisis support. Need immediate help because I have nowhere to stay.,Homelessness
Leg cramps,I get muscle cramps in my legs.,Leg Medical
Yellow leaves,My plant leaves are turning yellow.,Gardening
Help with tennis coaching,Looking for tennis lessons nearby.,Tennis Sports
Help with bowling practice,Need tips for fast bowling.,Cricket Sports
recommendation letters,I need advice about recommendation letters. How many recommendation letters are needed for admission?,College Admissions
budget planning,I need advice about budget planning. How can I manage my monthly expenses?,Finance
leg fracture,I need advice about leg fracture. I think I may have fractured my leg.,Leg Medical
Stock portfolio,Need help building a stock portfolio.,Stocks
Help with crypto risk,Is cryptocurrency investing risky?,Investing
Help with food delivery,Need cheap food delivery options.,Food
chicken recipe,I need advice about chicken recipe. How should I cook chicken breast properly?,Cooking
Help with basketball coaching,Looking for basketball coaching nearby.,Basketball Sports
Handball equipment,What equipment is needed for handball?,Handball Sports
Internship search,Looking for summer internships.,Jobs
Help with university selection,Which universities are good for computer science?,College Admissions
Help with neurology symptoms,Need information about neurological symptoms.,Brain Medical
Rent increase,Can you help me with this? My rent increased and I need advice.,Rental
Cooking tips,Can you help me with this? I am new to cooking and need basic kitchen tips.,Cooking
Help with headache problem,I have a constant headache today.,Head Medical
Help with social studies,Help with middle school social studies homework.,Middle School Education
High school exams,Can you help me with this? How should I prepare for board exams?,High School Education
Help with tennis rules,Explain basic tennis scoring rules.,Tennis Sports
Budget planning,How can I manage my monthly expenses?,Finance
college application,I need advice about college application. I need help applying to universities for admission.,College Admissions
Help with handball drills,Need handball training drills.,Handball Sports
basic math help,I need advice about basic math help. Need help teaching addition and subtraction to a child.,Elementary Education
Help with red eyes,My eyes are red after wearing contacts.,Eye Medical
science project,I need advice about science project. Ideas for a middle school science fair project.,Middle School Education
Cheap flights,Can you help me with this? Need cheap flight tickets for vacation.,Travel
Help with stock portfolio,Need help building a stock portfolio.,Stocks
Basketball tournament,Can you help me with this? Find local basketball tournaments.,Basketball Sports
Workplace communication,Need help writing a professional work email.,Employment
Track running,Can you help me with this? Need advice for track running practice.,Running Sports
broken hand,I need advice about broken hand. How do I know if my hand is broken?,Hand Medical
Help with spelling help,My child needs help with spelling words.,Elementary Education
Investing basics,Can you help me with this? How do I start investing as a beginner?,Investing
Open savings account,Can you help me with this? I want to open a new savings account with a local bank.,Banking
Sneaker outfit,What clothes match with white sneakers?,Clothes
partner search,I need advice about partner search. Need advice for finding a serious life partner.,Matrimonial
tourist visa,I need advice about tourist visa. Need help with tourist visa requirements.,Travel
Help with calf pain,My calf muscle hurts after workout.,Leg Medical
Running endurance,Tips to build running endurance.,Running Sports
Help with nhl news,Latest hockey league updates.,Hockey Sports
Tennis coaching,Looking for tennis lessons nearby.,Tennis Sports
Restaurant nearby,Can you help me with this? Best restaurants near me for dinner.,Food
Dunk training,How can I improve vertical jump for basketball?,Basketball Sports
Park jogging,Best parks for jogging nearby.,Jogging Sports
Help with portfolio advice,How should I diversify my investment portfolio?,Investing
Help with tennis shoes,Best shoes for tennis court.,Tennis Sports
Park jogging,Can you help me with this? Best parks for jogging nearby.,Jogging Sports
race preparation,I need advice about race preparation. How to prepare for a running race?,Running Sports
High school project,Can you help me with this? Ideas for a high school research project.,High School Education
ETF investment,What are good ETFs for long-term investing?,Investing
Matrimonial app,Can you help me with this? Which matrimonial apps are trustworthy?,Matrimonial
hockey stick,I need advice about hockey stick. Need recommendations for a hockey stick.,Hockey Sports
Find roommates,Looking for roommates for a shared rental.,Rental
Help with weekend work,I need weekend work to earn extra money.,Jobs
Student jobs,Part-time jobs for college students.,Jobs
hockey gear,I need advice about hockey gear. What equipment is needed for hockey?,Hockey Sports
Jogging weight loss,Can jogging help with weight loss?,Jogging Sports
Tourist attractions,Can you help me with this? Best tourist attractions in New York.,Tourism
jogging plan,I need advice about jogging plan. Create a weekly jogging plan.,Jogging Sports
stock trading,I need advice about stock trading. How do I buy and sell stocks online?,Stocks
Help with counseling nearby,Find counseling services for mental health.,Depression Medical
Mutual funds,Can you help me with this? Need advice about mutual fund investing.,Investing
School records,How can I request student records?,School
Community aid,Looking for charities that help homeless people.,Homelessness
Find life partner,Can you help me with this? Looking for matrimonial websites to find a life partner.,Matrimonial
Family housing,Can you help me with this? Need housing suitable for a family.,Housing
Baseball gear,Can you help me with this? What equipment is needed for baseball?,Baseball Sports
jogging breathing,I need advice about jogging breathing. How should I breathe while jogging?,Jogging Sports
Help with world cup,Latest cricket world cup updates.,Cricket Sports
Homeless support,Looking for community support because I am homeless.,Homelessness
Help with electronics store,Recommend electronics shopping websites.,Shopping
Homeless resources,Find local resources for people without housing.,Homelessness
cricket gear,I need advice about cricket gear. What equipment is needed for cricket?,Cricket Sports
Neurology symptoms,Need information about neurological symptoms.,Brain Medical
Stock prediction,Can you help me with this? Need help analyzing stock price movement.,Stocks
Vegetable garden,I want to start a small vegetable garden.,Gardening
Help with jeans shopping,Which jeans brand is good and affordable?,Clothes
Parent meeting,Need help preparing for a parent teacher meeting.,School
Help with affordable housing,Need help finding affordable housing options.,Housing
Jogging breathing,How should I breathe while jogging?,Jogging Sports
brain scan,I need advice about brain scan. Do I need a brain scan for recurring headaches?,Brain Medical
Help with hand numbness,My hand feels numb and tingling.,Hand Medical
Help with concussion symptoms,What are signs of a concussion?,Head Medical
school policy,I need advice about school policy. Need information about school attendance policy.,School
learn alphabet,I need advice about learn alphabet. How can my child learn ABC letters?,Elementary Education
Career change,How can I switch from support to software development?,Employment
counseling nearby,I need advice about counseling nearby. Find counseling services for mental health.,Depression Medical
carpal tunnel,I need advice about carpal tunnel. What are symptoms of carpal tunnel?,Hand Medical
Offer decision,Can you help me with this? Need help comparing two employment offers.,Employment
anxiety support,I need advice about anxiety support. Need help dealing with anxiety and stress.,Depression Medical
Help with forehand drills,Need forehand tennis drills.,Tennis Sports
Morning jogging,Can you help me with this? Best morning jogging routine for beginners.,Jogging Sports
Class schedule,Need help understanding school class schedule.,School
investing basics,I need advice about investing basics. How do I start investing as a beginner?,Investing
Entry level job,Need entry-level software developer jobs.,Jobs
Apartment for rent,Need a one bedroom apartment for rent.,Rental
Migraine headache,Can you help me with this? I get severe migraines often.,Brain Medical
Help with find life partner,Looking for matrimonial websites to find a life partner.,Matrimonial
hoodie recommendation,I need advice about hoodie recommendation. I need stylish hoodies for college.,Clothes
Blurred vision,My vision is blurry and unclear.,Eye Medical
tax filing,I need advice about tax filing. Need help filing taxes this year.,Finance
tomato plants,I need advice about tomato plants. How to grow tomatoes in a backyard garden?,Gardening
Help with compare products,Help me compare products before buying.,Shopping
Electronics store,Recommend electronics shopping websites.,Shopping
Leg cramps,Can you help me with this? I get muscle cramps in my legs.,Leg Medical
Help with mental health,Need mental health counseling options.,Depression Medical
Basic math help,Need help teaching addition and subtraction to a child.,Elementary Education
scholarship help,I need advice about scholarship help. Looking for scholarships for international students.,College Admissions
Help with buy laptop,Where can I buy a gaming laptop?,Shopping
Book recommendations,Recommend good mystery novels to read this month.,Books
School uniform,Can you help me with this? Where can I buy school uniforms?,School
phonics practice,I need advice about phonics practice. Looking for phonics activities for children.,Elementary Education
cover letter,I need advice about cover letter. Help me write a professional cover letter.,Employment
Biology notes,Need notes on cells and genetics.,High School Education
emergency fund,I need advice about emergency fund. How much should I keep in an emergency fund?,Finance
Help with full time role,Looking for full-time employment after graduation.,Employment
Down payment,Need advice saving for a house down payment.,Housing
cricket bat,I need advice about cricket bat. Best cricket bat for beginners.,Cricket Sports
baseball glove,I need advice about baseball glove. Need recommendations for baseball gloves.,Baseball Sports
Help with mutual funds,Need advice about mutual fund investing.,Investing
Basketball tournament,Find local basketball tournaments.,Basketball Sports
Help with serve tips,How do I improve my tennis serve?,Tennis Sports
Need shelter,I need emergency shelter tonight.,Homelessness
Novel suggestions,Suggest some popular fiction novels.,Books
wire transfer question,I need advice about wire transfer question. I need to send money through a bank wire transfer.,Banking
World cup,Latest cricket world cup updates.,Cricket Sports
Return item,How do I return an item I bought online?,Shopping
Flower garden,Need tips for growing flowers at home.,Gardening
Help with cover letter,Help me write a professional cover letter.,Employment
Help with chicken recipe,How should I cook chicken breast properly?,Cooking
Help with feeling depressed,I feel sad and hopeless every day.,Depression Medical
Spelling help,My child needs help with spelling words.,Elementary Education
Help with depression symptoms,What are symptoms of depression?,Depression Medical
Price deal,Find the best price for a product.,Shopping
joint pain,I need advice about joint pain. My finger joints hurt in the morning.,Hand Medical
Database class,Can you help me with this? Help understanding database normalization.,University Education
Help with matchmaking advice,How should I evaluate a matrimonial match?,Matrimonial
Help with high school exams,How should I prepare for board exams?,High School Education
School uniform,Where can I buy school uniforms?,School
Help with jogging fitness,Use jogging to improve fitness.,Jogging Sports
Help with vegan food,Need vegan food places nearby.,Food
Landmarks,Famous landmarks tourists should see.,Tourism
Help with eye doctor,Need an ophthalmologist recommendation.,Eye Medical
Fractions help,Can you help me with this? Need help understanding fractions and decimals.,Middle School Education
Help with rental listing,Find rental properties near downtown.,Rental
Basic math help,Can you help me with this? Need help teaching addition and subtraction to a child.,Elementary Education
Pasta recipe,Can you help me with this? How do I cook creamy pasta at home?,Cooking
Neurologist help,Can you help me with this? Need a recommendation for a brain specialist.,Brain Medical
Budget planning,Can you help me with this? How can I manage my monthly expenses?,Finance
family marriage,I need advice about family marriage. How to discuss arranged marriage with family?,Matrimonial
NBA highlights,Can you help me with this? Show latest basketball game highlights.,Basketball Sports
Buy house,Can you help me with this? I want advice for buying my first home.,Housing
Dividend stocks,Can you help me with this? What are good dividend stocks?,Stocks
Parent meeting,Can you help me with this? Need help preparing for a parent teacher meeting.,School
School bus,Can you help me with this? How do I register for school bus service?,School
Help with trading app,Best apps for stock trading.,Stocks
Baseball tournament,Find local baseball tournaments.,Baseball Sports
Learn alphabet,Can you help me with this? How can my child learn ABC letters?,Elementary Education
credit card payment,I need advice about credit card payment. I want to pay my credit card bill through my bank app.,Banking
Help with panic attacks,How can I manage panic attacks?,Depression Medical
Garden pests,How can I remove pests from my plants?,Gardening
Help with tourist visa,Need help with tourist visa requirements.,Travel
Help with guided tour,Looking for guided city tours.,Tourism
tennis shoes,I need advice about tennis shoes. Best shoes for tennis court.,Tennis Sports
Help with formal shirt,Looking for formal shirts for office interviews.,Clothes
Help with tennis racket,Best tennis racket for beginners.,Tennis Sports
Scalp pain,Can you help me with this? My scalp hurts after an injury.,Head Medical
Buy house,I want advice for buying my first home.,Housing
Grand slam,Can you help me with this? Latest tennis grand slam updates.,Tennis Sports
Mental health,Need mental health counseling options.,Depression Medical
Grade 7 math,Can you help me with this? Need help solving middle school algebra problems.,Middle School Education
Wire transfer question,Can you help me with this? I need to send money through a bank wire transfer.,Banking
Help with history essay,Need help structuring a history essay.,High School Education
Part time job,Looking for part-time jobs near me.,Jobs
Help with workplace communication,Need help writing a professional work email.,Employment
Hockey drills,Can you help me with this? Need hockey team practice drills.,Hockey Sports
dinner ideas,I need advice about dinner ideas. Need easy dinner recipes for beginners.,Cooking
Wrist pain,My wrist hurts after typing all day.,Hand Medical
Checking account fees,I want to understand monthly fees on my checking account.,Banking
mutual funds,I need advice about mutual funds. Need advice about mutual fund investing.,Investing
basketball tournament,I need advice about basketball tournament. Find local basketball tournaments.,Basketball Sports
Help with contact lens issue,My contact lenses are irritating my eyes.,Eye Medical
Help with jogging breathing,How should I breathe while jogging?,Jogging Sports
affordable housing,I need advice about affordable housing. Need help finding affordable housing options.,Housing
Tourist attractions,Best tourist attractions in New York.,Tourism
marriage matching,I need advice about marriage matching. Need help with marriage matchmaking.,Matrimonial
Hip pain,Can you help me with this? My hip and upper leg hurt while walking.,Leg Medical
Vegetarian food,Can you help me with this? Suggest vegetarian recipes with vegetables and rice.,Cooking
Help with find roommates,Looking for roommates for a shared rental.,Rental
Help with partner search,Need advice for finding a serious life partner.,Matrimonial
garden pests,I need advice about garden pests. How can I remove pests from my plants?,Gardening
baseball batting,I need advice about baseball batting. How can I improve my baseball batting?,Baseball Sports
dessert place,I need advice about dessert place. Best dessert shops in the city.,Food
Thumb pain,My thumb hurts when I move it.,Hand Medical
Help with dizziness issue,I feel dizzy and have trouble concentrating.,Brain Medical
Grammar practice,Middle school English grammar exercises needed.,Middle School Education
Checking account fees,Can you help me with this? I want to understand monthly fees on my checking account.,Banking
Running endurance,Can you help me with this? Tips to build running endurance.,Running Sports
Help with burger recommendation,Looking for the best burger restaurant.,Food
Cricket academy,Find a cricket coaching academy nearby.,Cricket Sports
Social studies,Help with middle school social studies homework.,Middle School Education
Help with leg fracture,I think I may have fractured my leg.,Leg Medical
Help with goalkeeping handball,Tips for handball goalkeeper practice.,Handball Sports
Workplace communication,Can you help me with this? Need help writing a professional work email.,Employment
Blurred vision,Can you help me with this? My vision is blurry and unclear.,Eye Medical
Stock risk,Can you help me with this? What are risks of trading stocks?,Stocks
Help with data structures,Need help with algorithms and data structures.,University Education
Therapy help,Can you help me with this? Looking for a therapist for depression.,Depression Medical
Sprint practice,How can I improve sprint speed?,Running Sports
sat preparation,I need advice about sat preparation. I want to prepare for the SAT exam.,College Admissions
Help with carpal tunnel,What are symptoms of carpal tunnel?,Hand Medical
Help with basketball shoes,Best basketball shoes for indoor court.,Basketball Sports
Tennis tournament,Find local tennis tournaments.,Tennis Sports
Help with winter jacket,Need a warm winter jacket for cold weather.,Clothes
tourist attractions,I need advice about tourist attractions. Best tourist attractions in New York.,Tourism
machine learning course,I need advice about machine learning course. Looking for university-level AI and ML courses.,University Education
throwing practice,I need advice about throwing practice. How to improve handball throwing power?,Handball Sports
indian restaurant,I need advice about indian restaurant. Recommend Indian food near me.,Food
College application,Can you help me with this? I need help applying to universities for admission.,College Admissions
Discount coupon,Need discount coupons and deals.,Shopping
Help with pitching practice,Tips to improve baseball pitching.,Baseball Sports
nba highlights,I need advice about nba highlights. Show latest basketball game highlights.,Basketball Sports
ice hockey,I need advice about ice hockey. Tips for ice hockey skating practice.,Hockey Sports
Hand numbness,My hand feels numb and tingling.,Hand Medical
Help with beach vacation,Best beach vacation places for couples.,Travel
shooting tips,I need advice about shooting tips. How do I improve basketball shooting?,Basketball Sports
